symbol,date,buy_volume,sell_volume,net_volume,buy_value,sell_value,net_value
AAA,2026-03-06,22200.0,800.0,21400.0,166611000.0,5992000.0,160619000.0
AAM,2026-03-06,0.0,0.0,0.0,0.0,625000.0,-625000.0
AAT,2026-03-06,0.0,0.0,0.0,0.0,927000.0,-927000.0
AAV,2026-03-06,0.0,0.0,0.0,6500000.0,13860000.0,-7360000.0
ABR,2026-03-06,0.0,0.0,0.0,1285000.0,0.0,1285000.0
ABS,2026-03-06,0.0,0.0,0.0,0.0,0.0,0.0
ABT,2026-03-06,0.0,200.0,-200.0,0.0,13100000.0,-13100000.0
ACB,2026-03-06,914800.0,1457300.0,-542500.0,21400430000.0,34122675000.0,-12722245000.0
ACC,2026-03-06,0.0,0.0,0.0,0.0,207750.0,-207750.0
ACG,2026-03-06,2200.0,0.0,2200.0,75920000.0,0.0,75920000.0
ACL,2026-03-06,0.0,0.0,0.0,0.0,1350000.0,-1350000.0
ADC,2026-03-06,0.0,0.0,0.0,0.0,0.0,0.0
ADG,2026-03-06,0.0,0.0,0.0,0.0,76000000.0,-76000000.0
ADP,2026-03-06,0.0,0.0,0.0,9385000.0,0.0,9385000.0
ADS,2026-03-06,0.0,0.0,0.0,87333000.0,0.0,87333000.0
AFX,2026-03-06,0.0,0.0,0.0,0.0,0.0,0.0
AGG,2026-03-06,6400.0,21500.0,-15100.0,86400000.0,291425000.0,-205025000.0
AGR,2026-03-06,94800.0,231200.0,-136400.0,1540855000.0,3743560000.0,-2202705000.0
ALT,2026-03-06,0.0,0.0,0.0,0.0,0.0,0.0
AMC,2026-03-06,0.0,0.0,0.0,0.0,2540000.0,-2540000.0
AME,2026-03-06,0.0,0.0,0.0,1220000.0,1220000.0,0.0
AMV,2026-03-06,0.0,0.0,0.0,0.0,52000.0,-52000.0
ANT,2026-03-06,0.0,0.0,0.0,0.0,0.0,0.0
ANV,2026-03-06,33300.0,22200.0,11100.0,835935000.0,560255000.0,275680000.0
APG,2026-03-06,0.0,16500.0,-16500.0,0.0,165435000.0,-165435000.0
APH,2026-03-06,0.0,0.0,0.0,13706000.0,0.0,13706000.0
API,2026-03-06,0.0,1400.0,-1400.0,0.0,8400000.0,-8400000.0
APS,2026-03-06,0.0,14100.0,-14100.0,0.0,97890000.0,-97890000.0
ARM,2026-03-06,0.0,0.0,0.0,0.0,26200000.0,-26200000.0
ASG,2026-03-06,0.0,0.0,0.0,1590000.0,0.0,1590000.0
ASM,2026-03-06,5490.0,0.0,5490.0,32128160.0,0.0,32128160.0
ASP,2026-03-06,0.0,0.0,0.0,14400000.0,0.0,14400000.0
AST,2026-03-06,1200.0,0.0,1200.0,89880000.0,0.0,89880000.0
ATS,2026-03-06,0.0,0.0,0.0,0.0,3560000.0,-3560000.0
BAB,2026-03-06,0.0,0.0,0.0,0.0,3540000.0,-3540000.0
BAF,2026-03-06,241900.0,176800.0,65100.0,8934415000.0,6519495000.0,2414920000.0
BAX,2026-03-06,0.0,0.0,0.0,0.0,3350000.0,-3350000.0
BBS,2026-03-06,0.0,0.0,0.0,0.0,2580000.0,-2580000.0
BCC,2026-03-06,0.0,12500.0,-12500.0,0.0,93750000.0,-93750000.0
BCE,2026-03-06,0.0,500.0,-500.0,0.0,5600000.0,-5600000.0
BCF,2026-03-06,0.0,0.0,0.0,0.0,0.0,0.0
BCG,2026-03-06,0.0,0.0,0.0,157624000.0,366411000.0,-208787000.0
BCM,2026-03-06,40000.0,36476.0,3524.0,2350670000.0,2142414100.0,208255900.0
BED,2026-03-06,0.0,0.0,0.0,0.0,0.0,0.0
BFC,2026-03-06,22200.0,38500.0,-16300.0,1589970000.0,2745800000.0,-1155830000.0
BHN,2026-03-06,0.0,0.0,0.0,12700000.0,0.0,12700000.0
BIC,2026-03-06,400.0,22300.0,-21900.0,9400000.0,524465000.0,-515065000.0
BID,2026-03-06,906500.0,528566.0,377934.0,39880615000.0,23471783400.0,16408831600.0
BKC,2026-03-06,0.0,0.0,0.0,0.0,0.0,0.0
BKG,2026-03-06,0.0,0.0,0.0,277000.0,0.0,277000.0
BMC,2026-03-06,0.0,0.0,0.0,0.0,7221600.0,-7221600.0
BMI,2026-03-06,0.0,31097.0,-31097.0,0.0,548913350.0,-548913350.0
BMP,2026-03-06,4010.0,24700.0,-20690.0,608605000.0,3750100000.0,-3141495000.0
BNA,2026-03-06,0.0,0.0,0.0,82800000.0,0.0,82800000.0
BPC,2026-03-06,0.0,0.0,0.0,0.0,0.0,0.0
BRC,2026-03-06,0.0,0.0,0.0,0.0,2560000.0,-2560000.0
BSI,2026-03-06,26400.0,62600.0,-36200.0,1012470000.0,2406955000.0,-1394485000.0
BSR,2026-03-06,5655610.0,1308400.0,4347210.0,209095015500.0,48452490000.0,160642525500.0
BTP,2026-03-06,0.0,0.0,0.0,0.0,58581000.0,-58581000.0
BTS,2026-03-06,0.0,0.0,0.0,3710000.0,0.0,3710000.0
BTT,2026-03-06,0.0,0.0,0.0,0.0,13600000.0,-13600000.0
BTW,2026-03-06,0.0,0.0,0.0,0.0,275700000.0,-275700000.0
BVH,2026-03-06,519301.0,47000.0,472301.0,39188175200.0,3534850000.0,35653325200.0
BVS,2026-03-06,0.0,51600.0,-51600.0,0.0,1574400000.0,-1574400000.0
BWE,2026-03-06,10300.0,1000.0,9300.0,465260000.0,45225000.0,420035000.0
BXH,2026-03-06,0.0,0.0,0.0,0.0,0.0,0.0
C32,2026-03-06,1500.0,0.0,1500.0,17705000.0,0.0,17705000.0
C47,2026-03-06,0.0,0.0,0.0,0.0,4805000.0,-4805000.0
C69,2026-03-06,0.0,3000.0,-3000.0,0.0,48600000.0,-48600000.0
CAG,2026-03-06,0.0,0.0,0.0,0.0,13860000.0,-13860000.0
CAN,2026-03-06,0.0,0.0,0.0,0.0,2800000.0,-2800000.0
CAP,2026-03-06,0.0,0.0,0.0,0.0,11422600.0,-11422600.0
CAR,2026-03-06,0.0,0.0,0.0,0.0,0.0,0.0
CCC,2026-03-06,0.0,0.0,0.0,0.0,0.0,0.0
CCI,2026-03-06,0.0,0.0,0.0,0.0,0.0,0.0
CCL,2026-03-06,7300.0,4300.0,3000.0,38106000.0,23186000.0,14920000.0
CCR,2026-03-06,0.0,0.0,0.0,0.0,2820000.0,-2820000.0
CDC,2026-03-06,24300.0,5500.0,18800.0,550390000.0,126010000.0,424380000.0
CDN,2026-03-06,0.0,0.0,0.0,3310000.0,13230000.0,-9920000.0
CEO,2026-03-06,196800.0,75900.0,120900.0,3236940000.0,1235740000.0,2001200000.0
CET,2026-03-06,0.0,900.0,-900.0,0.0,8550000.0,-8550000.0
CHP,2026-03-06,0.0,0.0,0.0,0.0,5095366750.0,-5095366750.0
CIA,2026-03-06,0.0,0.0,0.0,13640000.0,0.0,13640000.0
CIG,2026-03-06,0.0,0.0,0.0,0.0,52282000.0,-52282000.0
CII,2026-03-06,1298086.0,1091502.0,206584.0,21215086100.0,17833932700.0,3381153400.0
CJC,2026-03-06,0.0,0.0,0.0,0.0,7200000.0,-7200000.0
CKG,2026-03-06,0.0,0.0,0.0,0.0,7618000.0,-7618000.0
CKV,2026-03-06,0.0,0.0,0.0,0.0,44640000.0,-44640000.0
CLC,2026-03-06,0.0,0.0,0.0,16800000.0,5500000.0,11300000.0
CLH,2026-03-06,0.0,0.0,0.0,0.0,64800000.0,-64800000.0
CLL,2026-03-06,300.0,300.0,0.0,9135000.0,9135000.0,0.0
CLM,2026-03-06,0.0,0.0,0.0,0.0,0.0,0.0
CLW,2026-03-06,0.0,0.0,0.0,5440000.0,0.0,5440000.0
CMC,2026-03-06,0.0,0.0,0.0,0.0,12600000.0,-12600000.0
CMG,2026-03-06,25715.0,96141.0,-70426.0,802898250.0,2999574800.0,-2196676550.0
CMS,2026-03-06,0.0,0.0,0.0,0.0,0.0,0.0
CMV,2026-03-06,0.0,0.0,0.0,0.0,14400000.0,-14400000.0
CMX,2026-03-06,0.0,0.0,0.0,38570000.0,40813000.0,-2243000.0
CNG,2026-03-06,0.0,100.0,-100.0,0.0,2635000.0,-2635000.0
COM,2026-03-06,0.0,0.0,0.0,3400000.0,0.0,3400000.0
CPC,2026-03-06,0.0,0.0,0.0,0.0,3370000.0,-3370000.0
CRC,2026-03-06,373300.0,82100.0,291200.0,3294886000.0,748201000.0,2546685000.0
CRE,2026-03-06,500.0,31200.0,-30700.0,3550000.0,218606000.0,-215056000.0
CRV,2026-03-06,0.0,0.0,0.0,137500.0,0.0,137500.0
CSC,2026-03-06,0.0,0.0,0.0,0.0,0.0,0.0
CSM,2026-03-06,7200.0,12200.0,-5000.0,84960000.0,147755000.0,-62795000.0
CST,2026-03-06,0.0,0.0,0.0,0.0,1063930000.0,-1063930000.0
CSV,2026-03-06,111200.0,148300.0,-37100.0,3391210000.0,4739115000.0,-1347905000.0
CTB,2026-03-06,0.0,100.0,-100.0,0.0,1700000.0,-1700000.0
CTD,2026-03-06,800.0,1000.0,-200.0,64160000.0,80200000.0,-16040000.0
CTF,2026-03-06,0.0,1300.0,-1300.0,0.0,24245000.0,-24245000.0
CTG,2026-03-06,273050.0,1887507.0,-1614457.0,9796830000.0,67669643050.0,-57872813050.0
CTI,2026-03-06,19700.0,146300.0,-126600.0,488760000.0,3611975000.0,-3123215000.0
CTP,2026-03-06,0.0,0.0,0.0,60000000.0,0.0,60000000.0
CTR,2026-03-06,13900.0,44400.0,-30500.0,1190100000.0,3816570000.0,-2626470000.0
CTS,2026-03-06,13100.0,187000.0,-173900.0,411590000.0,5845500000.0,-5433910000.0
CTT,2026-03-06,0.0,0.0,0.0,0.0,0.0,0.0
CVT,2026-03-06,0.0,0.0,0.0,0.0,10600000.0,-10600000.0
CX8,2026-03-06,0.0,0.0,0.0,0.0,0.0,0.0
D11,2026-03-06,0.0,0.0,0.0,0.0,0.0,0.0
D2D,2026-03-06,0.0,0.0,0.0,0.0,147220000.0,-147220000.0
DAD,2026-03-06,0.0,0.0,0.0,0.0,1800000.0,-1800000.0
DAE,2026-03-06,0.0,0.0,0.0,0.0,1370000.0,-1370000.0
DAH,2026-03-06,0.0,0.0,0.0,0.0,69000.0,-69000.0
DAT,2026-03-06,0.0,0.0,0.0,0.0,0.0,0.0
DBC,2026-03-06,15800.0,206600.0,-190800.0,392345000.0,5093640000.0,-4701295000.0
DBD,2026-03-06,900.0,1400.0,-500.0,47520000.0,74660000.0,-27140000.0
DBT,2026-03-06,0.0,0.0,0.0,0.0,14429550.0,-14429550.0
DC2,2026-03-06,0.0,0.0,0.0,0.0,353800.0,-353800.0
DC4,2026-03-06,100.0,1700.0,-1600.0,964000.0,16337000.0,-15373000.0
DCL,2026-03-06,0.0,0.0,0.0,0.0,22960000.0,-22960000.0
DCM,2026-03-06,2850100.0,447100.0,2403000.0,139543140000.0,21656525000.0,117886615000.0
DDG,2026-03-06,0.0,0.0,0.0,5500000.0,0.0,5500000.0
DGC,2026-03-06,1078979.0,290010.0,788969.0,79577506000.0,21455628000.0,58121878000.0
DGW,2026-03-06,821400.0,390500.0,430900.0,36815825000.0,17616700000.0,19199125000.0
DHA,2026-03-06,100.0,6300.0,-6200.0,5540000.0,348850000.0,-343310000.0
DHC,2026-03-06,428800.0,51000.0,377800.0,15679550000.0,1873260000.0,13806290000.0
DHG,2026-03-06,200.0,0.0,200.0,20600000.0,0.0,20600000.0
DHM,2026-03-06,0.0,0.0,0.0,0.0,5942900.0,-5942900.0
DHP,2026-03-06,0.0,0.0,0.0,0.0,5850000.0,-5850000.0
DHT,2026-03-06,300.0,200.0,100.0,20430000.0,13820000.0,6610000.0
DIG,2026-03-06,284740.0,968600.0,-683860.0,3921698000.0,13372905000.0,-9451207000.0
DIH,2026-03-06,0.0,0.0,0.0,0.0,0.0,0.0
DL1,2026-03-06,0.0,0.0,0.0,15360000.0,0.0,15360000.0
DLG,2026-03-06,10800.0,200800.0,-190000.0,28404000.0,536368000.0,-507964000.0
DMC,2026-03-06,0.0,0.0,0.0,11960000.0,0.0,11960000.0
DNC,2026-03-06,0.0,0.0,0.0,0.0,0.0,0.0
DNP,2026-03-06,0.0,0.0,0.0,0.0,19400000.0,-19400000.0
DP3,2026-03-06,0.0,0.0,0.0,0.0,285630000.0,-285630000.0
DPG,2026-03-06,12200.0,82100.0,-69900.0,547885000.0,3633755000.0,-3085870000.0
DPM,2026-03-06,706800.0,435500.0,271300.0,21953530000.0,13500210000.0,8453320000.0
DPR,2026-03-06,147600.0,155900.0,-8300.0,6374410000.0,6758515000.0,-384105000.0
DQC,2026-03-06,0.0,0.0,0.0,0.0,993000.0,-993000.0
DRC,2026-03-06,0.0,300.0,-300.0,0.0,4695000.0,-4695000.0
DRH,2026-03-06,0.0,251100.0,-251100.0,0.0,696577000.0,-696577000.0
DRL,2026-03-06,0.0,0.0,0.0,0.0,96900000.0,-96900000.0
DS3,2026-03-06,0.0,0.0,0.0,11600000.0,0.0,11600000.0
DSC,2026-03-06,3000.0,0.0,3000.0,42000000.0,0.0,42000000.0
DSE,2026-03-06,30500.0,1900.0,28600.0,747475000.0,46455000.0,701020000.0
DSN,2026-03-06,0.0,0.0,0.0,4130000.0,0.0,4130000.0
DST,2026-03-06,0.0,0.0,0.0,0.0,2220000.0,-2220000.0
DTA,2026-03-06,0.0,0.0,0.0,9020000.0,0.0,9020000.0
DTD,2026-03-06,16800.0,4100.0,12700.0,287280000.0,69700000.0,217580000.0
DTG,2026-03-06,0.0,0.0,0.0,6260000.0,0.0,6260000.0
DTK,2026-03-06,0.0,0.0,0.0,0.0,1160000.0,-1160000.0
DTL,2026-03-06,0.0,0.0,0.0,9010000.0,0.0,9010000.0
DTT,2026-03-06,0.0,0.0,0.0,15600000.0,0.0,15600000.0
DVM,2026-03-06,0.0,0.0,0.0,0.0,0.0,0.0
DVP,2026-03-06,300.0,0.0,300.0,21330000.0,0.0,21330000.0
DXG,2026-03-06,727620.0,3177443.0,-2449823.0,10194242000.0,44258619150.0,-34064377150.0
DXP,2026-03-06,22100.0,12400.0,9700.0,282310000.0,161020000.0,121290000.0
DXS,2026-03-06,114300.0,240600.0,-126300.0,752304000.0,1575019000.0,-822715000.0
DXV,2026-03-06,0.0,0.0,0.0,0.0,7640000.0,-7640000.0
EBS,2026-03-06,0.0,0.0,0.0,0.0,30780000.0,-30780000.0
ECI,2026-03-06,0.0,0.0,0.0,0.0,0.0,0.0
EIB,2026-03-06,677100.0,1352100.0,-675000.0,14990905000.0,30152340000.0,-15161435000.0
EID,2026-03-06,0.0,0.0,0.0,0.0,8880000.0,-8880000.0
ELC,2026-03-06,7990.0,223800.0,-215810.0,148611500.0,4190155000.0,-4041543500.0
EVE,2026-03-06,300.0,10100.0,-9800.0,3025000.0,103025000.0,-100000000.0
EVF,2026-03-06,1466300.0,1101800.0,364500.0,19952205000.0,15077645000.0,4874560000.0
EVG,2026-03-06,31600.0,62300.0,-30700.0,209722000.0,411563000.0,-201841000.0
EVS,2026-03-06,0.0,1400.0,-1400.0,0.0,7420000.0,-7420000.0
FCM,2026-03-06,1000.0,0.0,1000.0,3410000.0,0.0,3410000.0
FCN,2026-03-06,36900.0,258200.0,-221300.0,449035000.0,3126715000.0,-2677680000.0
FDC,2026-03-06,0.0,0.0,0.0,0.0,1580000.0,-1580000.0
FID,2026-03-06,0.0,0.0,0.0,0.0,0.0,0.0
FIR,2026-03-06,0.0,0.0,0.0,39686000.0,0.0,39686000.0
FIT,2026-03-06,0.0,0.0,0.0,0.0,28320.0,-28320.0
FMC,2026-03-06,17600.0,4400.0,13200.0,711685000.0,176650000.0,535035000.0
FPT,2026-03-06,2763967.0,9754225.0,-6990258.0,227988721000.0,806137203700.0,-578148482700.0
FRT,2026-03-06,290160.0,593100.0,-302940.0,43993566000.0,89931490000.0,-45937924000.0
FTS,2026-03-06,219500.0,160900.0,58600.0,6571860000.0,4853835000.0,1718025000.0
GAS,2026-03-06,583373.0,489909.0,93464.0,67358200000.0,56643581200.0,10714618800.0
GDT,2026-03-06,0.0,0.0,0.0,49375000.0,0.0,49375000.0
GDW,2026-03-06,0.0,0.0,0.0,3500000.0,0.0,3500000.0
GEE,2026-03-06,25700.0,45300.0,-19600.0,4347160000.0,7510330000.0,-3163170000.0
GEG,2026-03-06,301600.0,47200.0,254400.0,4661465000.0,729480000.0,3931985000.0
GEL,2026-03-06,24600.0,0.0,24600.0,863045000.0,0.0,863045000.0
GEX,2026-03-06,733900.0,2853100.0,-2119200.0,26611895000.0,103427450000.0,-76815555000.0
GHC,2026-03-06,4400.0,0.0,4400.0,125840000.0,0.0,125840000.0
GIC,2026-03-06,0.0,0.0,0.0,3570000.0,5950000.0,-2380000.0
GIL,2026-03-06,1000.0,45300.0,-44300.0,15240000.0,688175000.0,-672935000.0
GKM,2026-03-06,0.0,0.0,0.0,3360000.0,480000.0,2880000.0
GLT,2026-03-06,0.0,0.0,0.0,0.0,28600000.0,-28600000.0
GMA,2026-03-06,0.0,0.0,0.0,0.0,0.0,0.0
GMD,2026-03-06,838620.0,304900.0,533720.0,64861340000.0,23593420000.0,41267920000.0
GMH,2026-03-06,0.0,0.0,0.0,2364000.0,0.0,2364000.0
GMX,2026-03-06,0.0,0.0,0.0,7530000.0,0.0,7530000.0
GSP,2026-03-06,0.0,0.0,0.0,0.0,672000.0,-672000.0
GTA,2026-03-06,0.0,0.0,0.0,0.0,42920000.0,-42920000.0
GVR,2026-03-06,382100.0,513400.0,-131300.0,15037380000.0,20574530000.0,-5537150000.0
HAD,2026-03-06,0.0,0.0,0.0,1440000.0,0.0,1440000.0
HAG,2026-03-06,95500.0,107800.0,-12300.0,1480600000.0,1676845000.0,-196245000.0
HAH,2026-03-06,402200.0,441562.0,-39362.0,25648490000.0,28222980000.0,-2574490000.0
HAP,2026-03-06,0.0,7600.0,-7600.0,0.0,53582000.0,-53582000.0
HAR,2026-03-06,0.0,1700.0,-1700.0,0.0,5763000.0,-5763000.0
HAS,2026-03-06,0.0,0.0,0.0,4050000.0,16390000.0,-12340000.0
HAT,2026-03-06,0.0,0.0,0.0,0.0,3390000.0,-3390000.0
HAX,2026-03-06,1400.0,0.0,1400.0,14840000.0,0.0,14840000.0
HBS,2026-03-06,0.0,0.0,0.0,0.0,900000.0,-900000.0
HCC,2026-03-06,0.0,0.0,0.0,0.0,13200000.0,-13200000.0
HCD,2026-03-06,0.0,0.0,0.0,0.0,825000.0,-825000.0
HCM,2026-03-06,763600.0,2592000.0,-1828400.0,18097830000.0,62068445000.0,-43970615000.0
HCT,2026-03-06,0.0,0.0,0.0,0.0,0.0,0.0
HDA,2026-03-06,0.0,0.0,0.0,0.0,580000.0,-580000.0
HDB,2026-03-06,1212353.0,1397375.0,-185022.0,31471236600.0,36291081250.0,-4819844650.0
HDC,2026-03-06,151900.0,39500.0,112400.0,2819270000.0,744970000.0,2074300000.0
HDG,2026-03-06,152000.0,267200.0,-115200.0,4217810000.0,7431615000.0,-3213805000.0
HEV,2026-03-06,0.0,0.0,0.0,1250000.0,0.0,1250000.0
HGM,2026-03-06,505.0,0.0,505.0,102209500.0,0.0,102209500.0
HHC,2026-03-06,0.0,0.0,0.0,0.0,0.0,0.0
HHP,2026-03-06,2500.0,154500.0,-152000.0,33625000.0,2080325000.0,-2046700000.0
HHS,2026-03-06,115200.0,111000.0,4200.0,1244000000.0,1225670000.0,18330000.0
HHV,2026-03-06,7009.0,225400.0,-218391.0,83396650.0,2686505000.0,-2603108350.0
HID,2026-03-06,8300.0,0.0,8300.0,34359000.0,0.0,34359000.0
HII,2026-03-06,4000.0,4800.0,-800.0,20245000.0,24745000.0,-4500000.0
HJS,2026-03-06,0.0,0.0,0.0,0.0,60960000.0,-60960000.0
HKT,2026-03-06,0.0,0.0,0.0,0.0,990000.0,-990000.0
HLC,2026-03-06,0.0,400.0,-400.0,0.0,5510000.0,-5510000.0
HLD,2026-03-06,1200.0,949.0,251.0,20040000.0,16553200.0,3486800.0
HMC,2026-03-06,0.0,0.0,0.0,0.0,73450000.0,-73450000.0
HMH,2026-03-06,0.0,0.0,0.0,0.0,1950000.0,-1950000.0
HMR,2026-03-06,0.0,0.0,0.0,0.0,0.0,0.0
HNA,2026-03-06,0.0,0.0,0.0,0.0,0.0,0.0
HOM,2026-03-06,0.0,0.0,0.0,0.0,430000.0,-430000.0
HPA,2026-03-06,0.0,0.0,0.0,40950000.0,0.0,40950000.0
HPG,2026-03-06,5409202.0,6685095.0,-1275893.0,147158032900.0,181583230150.0,-34425197250.0
HPX,2026-03-06,9700.0,234400.0,-224700.0,49999000.0,1212544000.0,-1162545000.0
HQC,2026-03-06,0.0,78900.0,-78900.0,0.0,205586000.0,-205586000.0
HRC,2026-03-06,0.0,0.0,0.0,0.0,5180000.0,-5180000.0
HSG,2026-03-06,22000.0,792146.0,-770146.0,327325000.0,11710160650.0,-11382835650.0
HSL,2026-03-06,0.0,0.0,0.0,1338000.0,22673000.0,-21335000.0
HT1,2026-03-06,232400.0,64400.0,168000.0,3975760000.0,1107975000.0,2867785000.0
HTC,2026-03-06,0.0,0.0,0.0,0.0,0.0,0.0
HTG,2026-03-06,0.0,0.0,0.0,0.0,90200.0,-90200.0
HTI,2026-03-06,0.0,0.0,0.0,93845000.0,36820000.0,57025000.0
HTL,2026-03-06,500.0,0.0,500.0,11500000.0,0.0,11500000.0
HTN,2026-03-06,0.0,0.0,0.0,0.0,111723000.0,-111723000.0
HTV,2026-03-06,0.0,0.0,0.0,0.0,29610000.0,-29610000.0
HU1,2026-03-06,0.0,0.0,0.0,1742000.0,0.0,1742000.0
HUB,2026-03-06,0.0,0.0,0.0,4230000.0,0.0,4230000.0
HUT,2026-03-06,400.0,82000.0,-81600.0,6210000.0,1272480000.0,-1266270000.0
HVH,2026-03-06,0.0,0.0,0.0,87490000.0,0.0,87490000.0
HVN,2026-03-06,2800.0,59800.0,-57000.0,68515000.0,1464480000.0,-1395965000.0
HVT,2026-03-06,0.0,0.0,0.0,0.0,86100000.0,-86100000.0
ICG,2026-03-06,0.0,0.0,0.0,11460000.0,17950000.0,-6490000.0
ICT,2026-03-06,0.0,100.0,-100.0,0.0,1800000.0,-1800000.0
IDC,2026-03-06,746730.0,38900.0,707830.0,32735190200.0,1711440000.0,31023750200.0
IDI,2026-03-06,0.0,35100.0,-35100.0,0.0,244060000.0,-244060000.0
IDJ,2026-03-06,0.0,0.0,0.0,0.0,80000.0,-80000.0
IDV,2026-03-06,0.0,0.0,0.0,5200000.0,19600000.0,-14400000.0
IJC,2026-03-06,55800.0,15900.0,39900.0,563720000.0,161385000.0,402335000.0
ILB,2026-03-06,0.0,100.0,-100.0,0.0,2275000.0,-2275000.0
IMP,2026-03-06,0.0,300.0,-300.0,0.0,16290000.0,-16290000.0
INC,2026-03-06,0.0,0.0,0.0,0.0,1290000.0,-1290000.0
INN,2026-03-06,0.0,0.0,0.0,12000000.0,0.0,12000000.0
IPA,2026-03-06,0.0,0.0,0.0,0.0,15930000.0,-15930000.0
ITC,2026-03-06,0.0,0.0,0.0,0.0,783150.0,-783150.0
ITD,2026-03-06,0.0,0.0,0.0,0.0,22960000.0,-22960000.0
ITQ,2026-03-06,0.0,0.0,0.0,0.0,0.0,0.0
IVS,2026-03-06,52600.0,0.0,52600.0,410080000.0,0.0,410080000.0
JVC,2026-03-06,200.0,30200.0,-30000.0,1002000.0,150740000.0,-149738000.0
KBC,2026-03-06,148702.0,249200.0,-100498.0,4792755400.0,8041305000.0,-3248549600.0
KDC,2026-03-06,17000.0,18700.0,-1700.0,852990000.0,937455000.0,-84465000.0
KDH,2026-03-06,132800.0,2234700.0,-2101900.0,3448480000.0,58072455000.0,-54623975000.0
KDM,2026-03-06,0.0,0.0,0.0,0.0,0.0,0.0
KHG,2026-03-06,371100.0,358500.0,12600.0,2167982000.0,2111011000.0,56971000.0
KHP,2026-03-06,0.0,0.0,0.0,0.0,1200000.0,-1200000.0
KHS,2026-03-06,0.0,0.0,0.0,0.0,1660000.0,-1660000.0
KKC,2026-03-06,0.0,0.0,0.0,2560000.0,1200000.0,1360000.0
KLB,2026-03-06,35300.0,1400.0,33900.0,499305000.0,19600000.0,479705000.0
KMR,2026-03-06,0.0,0.0,0.0,564000.0,0.0,564000.0
KMT,2026-03-06,0.0,0.0,0.0,0.0,0.0,0.0
KOS,2026-03-06,0.0,4700.0,-4700.0,0.0,170745000.0,-170745000.0
KSB,2026-03-06,10300.0,163000.0,-152700.0,173755000.0,2745070000.0,-2571315000.0
KSD,2026-03-06,0.0,0.0,0.0,0.0,960000.0,-960000.0
KSF,2026-03-06,3.0,0.0,3.0,234000.0,0.0,234000.0
KST,2026-03-06,0.0,0.0,0.0,0.0,4590000.0,-4590000.0
KSV,2026-03-06,0.0,0.0,0.0,0.0,0.0,0.0
KTS,2026-03-06,0.0,0.0,0.0,0.0,1794500.0,-1794500.0
L10,2026-03-06,0.0,0.0,0.0,26000000.0,0.0,26000000.0
L14,2026-03-06,0.0,0.0,0.0,0.0,195490000.0,-195490000.0
L18,2026-03-06,0.0,0.0,0.0,0.0,0.0,0.0
L40,2026-03-06,0.0,0.0,0.0,0.0,70800000.0,-70800000.0
LAF,2026-03-06,0.0,0.0,0.0,0.0,5850000.0,-5850000.0
LAS,2026-03-06,64300.0,17200.0,47100.0,1228860000.0,332760000.0,896100000.0
LBE,2026-03-06,0.0,0.0,0.0,15500000.0,0.0,15500000.0
LBM,2026-03-06,500.0,0.0,500.0,16550000.0,0.0,16550000.0
LCD,2026-03-06,0.0,0.0,0.0,0.0,0.0,0.0
LCG,2026-03-06,1700.0,346800.0,-345100.0,16905000.0,3442965000.0,-3426060000.0
LDG,2026-03-06,200.0,0.0,200.0,700000.0,0.0,700000.0
LDP,2026-03-06,0.0,0.0,0.0,0.0,448000.0,-448000.0
LGC,2026-03-06,0.0,0.0,0.0,0.0,16500000.0,-16500000.0
LGL,2026-03-06,0.0,0.0,0.0,33013000.0,0.0,33013000.0
LHC,2026-03-06,0.0,0.0,0.0,113550000.0,10590000.0,102960000.0
LHG,2026-03-06,0.0,800.0,-800.0,0.0,23155000.0,-23155000.0
LIG,2026-03-06,0.0,0.0,0.0,0.0,0.0,0.0
LIX,2026-03-06,0.0,0.0,0.0,0.0,15080000.0,-15080000.0
LM8,2026-03-06,0.0,0.0,0.0,0.0,4940000.0,-4940000.0
LPB,2026-03-06,127400.0,103200.0,24200.0,5404950000.0,4373700000.0,1031250000.0
LSS,2026-03-06,0.0,0.0,0.0,0.0,42750000.0,-42750000.0
MAC,2026-03-06,0.0,0.0,0.0,1250000.0,0.0,1250000.0
MAS,2026-03-06,0.0,0.0,0.0,1333800.0,0.0,1333800.0
MBB,2026-03-06,8905879.0,7846600.0,1059279.0,244744251700.0,215921527900.0,28822723800.0
MBG,2026-03-06,0.0,10300.0,-10300.0,0.0,30900000.0,-30900000.0
MBS,2026-03-06,139900.0,805500.0,-665600.0,3886860000.0,22385400000.0,-18498540000.0
MCC,2026-03-06,0.0,0.0,0.0,0.0,0.0,0.0
MCF,2026-03-06,0.0,0.0,0.0,0.0,1500000.0,-1500000.0
MCH,2026-03-06,1505.0,52100.0,-50595.0,218835000.0,7489190000.0,-7270355000.0
MCM,2026-03-06,0.0,300.0,-300.0,0.0,7965000.0,-7965000.0
MCO,2026-03-06,0.0,0.0,0.0,0.0,9360000.0,-9360000.0
MCP,2026-03-06,0.0,0.0,0.0,0.0,2840000.0,-2840000.0
MDC,2026-03-06,0.0,0.0,0.0,19800000.0,0.0,19800000.0
MDG,2026-03-06,0.0,0.0,0.0,0.0,4230000.0,-4230000.0
MED,2026-03-06,0.0,0.0,0.0,0.0,0.0,0.0
MEL,2026-03-06,0.0,0.0,0.0,19860000.0,0.0,19860000.0
MHC,2026-03-06,0.0,5300.0,-5300.0,0.0,54755000.0,-54755000.0
MIC,2026-03-06,0.0,0.0,0.0,2500000.0,0.0,2500000.0
MIG,2026-03-06,0.0,27500.0,-27500.0,0.0,489785000.0,-489785000.0
MKV,2026-03-06,0.0,0.0,0.0,9440000.0,0.0,9440000.0
MSB,2026-03-06,60.0,77156.0,-77096.0,693000.0,891174600.0,-890481600.0
MSH,2026-03-06,156700.0,333100.0,-176400.0,5715485000.0,12204000000.0,-6488515000.0
MSN,2026-03-06,414910.0,660400.0,-245490.0,30620336600.0,48978699000.0,-18358362400.0
MST,2026-03-06,0.0,83900.0,-83900.0,0.0,607300000.0,-607300000.0
MVB,2026-03-06,0.0,0.0,0.0,0.0,9020000.0,-9020000.0
MWG,2026-03-06,3493181.0,2457700.0,1035481.0,291055795700.0,204172120000.0,86883675700.0
NAB,2026-03-06,108400.0,94200.0,14200.0,1484665000.0,1288480000.0,196185000.0
NAF,2026-03-06,88500.0,37100.0,51400.0,3881630000.0,1631005000.0,2250625000.0
NAG,2026-03-06,0.0,0.0,0.0,0.0,466100.0,-466100.0
NAP,2026-03-06,0.0,0.0,0.0,0.0,0.0,0.0
NAV,2026-03-06,0.0,0.0,0.0,0.0,14400000.0,-14400000.0
NBB,2026-03-06,0.0,0.0,0.0,3400000.0,34000000.0,-30600000.0
NBC,2026-03-06,0.0,0.0,0.0,0.0,11000000.0,-11000000.0
NBP,2026-03-06,800.0,0.0,800.0,6400000.0,0.0,6400000.0
NBW,2026-03-06,0.0,0.0,0.0,0.0,3500000.0,-3500000.0
NCT,2026-03-06,1700.0,5100.0,-3400.0,162860000.0,488230000.0,-325370000.0
NDN,2026-03-06,0.0,0.0,0.0,21600000.0,0.0,21600000.0
NDX,2026-03-06,0.0,0.0,0.0,0.0,57050000.0,-57050000.0
NET,2026-03-06,0.0,0.0,0.0,6770000.0,0.0,6770000.0
NFC,2026-03-06,0.0,0.0,0.0,0.0,13760000.0,-13760000.0
NHA,2026-03-06,0.0,700.0,-700.0,0.0,9170000.0,-9170000.0
NHC,2026-03-06,200.0,0.0,200.0,4900000.0,0.0,4900000.0
NHH,2026-03-06,0.0,0.0,0.0,0.0,17440000.0,-17440000.0
NHT,2026-03-06,0.0,0.0,0.0,7280000.0,0.0,7280000.0
NKG,2026-03-06,153320.0,916900.0,-763580.0,2221355000.0,13362985000.0,-11141630000.0
NLG,2026-03-06,1473800.0,2146192.0,-672392.0,38407635000.0,55703492200.0,-17295857200.0
NNC,2026-03-06,500.0,12900.0,-12400.0,26600000.0,681000000.0,-654400000.0
NO1,2026-03-06,0.0,0.0,0.0,1182000.0,0.0,1182000.0
NRC,2026-03-06,0.0,0.0,0.0,0.0,203170000.0,-203170000.0
NSC,2026-03-06,0.0,0.0,0.0,22090000.0,898960000.0,-876870000.0
NSH,2026-03-06,0.0,2000.0,-2000.0,0.0,9800000.0,-9800000.0
NST,2026-03-06,0.0,0.0,0.0,0.0,12980000.0,-12980000.0
NT2,2026-03-06,177000.0,189200.0,-12200.0,4905055000.0,5230565000.0,-325510000.0
NTC,2026-03-06,0.0,0.0,0.0,0.0,0.0,0.0
NTH,2026-03-06,200.0,0.0,200.0,11600000.0,0.0,11600000.0
NTL,2026-03-06,20000.0,70900.0,-50900.0,325000000.0,1170750000.0,-845750000.0
NTP,2026-03-06,0.0,26300.0,-26300.0,0.0,1639720000.0,-1639720000.0
NVB,2026-03-06,0.0,0.0,0.0,0.0,333460000.0,-333460000.0
NVL,2026-03-06,323900.0,2636100.0,-2312200.0,3643360000.0,29529100000.0,-25885740000.0
NVT,2026-03-06,0.0,0.0,0.0,0.0,749000.0,-749000.0
OCB,2026-03-06,1800.0,49000.0,-47200.0,20040000.0,545080000.0,-525040000.0
OCH,2026-03-06,0.0,0.0,0.0,7540000.0,0.0,7540000.0
OGC,2026-03-06,1000.0,10700.0,-9700.0,3200000.0,34734000.0,-31534000.0
ONE,2026-03-06,0.0,0.0,0.0,980000.0,0.0,980000.0
OPC,2026-03-06,0.0,0.0,0.0,0.0,28795000.0,-28795000.0
ORS,2026-03-06,381300.0,439000.0,-57700.0,5587175000.0,6459490000.0,-872315000.0
PAC,2026-03-06,27300.0,84100.0,-56800.0,652585000.0,2029005000.0,-1376420000.0
PAN,2026-03-06,106100.0,15400.0,90700.0,3510795000.0,509315000.0,3001480000.0
PBP,2026-03-06,0.0,0.0,0.0,10160000.0,0.0,10160000.0
PC1,2026-03-06,1454000.0,1307300.0,146700.0,41522180000.0,37832795000.0,3689385000.0
PCE,2026-03-06,0.0,0.0,0.0,3900000.0,0.0,3900000.0
PCH,2026-03-06,0.0,0.0,0.0,0.0,0.0,0.0
PCT,2026-03-06,0.0,0.0,0.0,0.0,0.0,0.0
PDB,2026-03-06,0.0,0.0,0.0,10500000.0,0.0,10500000.0
PDN,2026-03-06,0.0,0.0,0.0,0.0,3334100.0,-3334100.0
PDR,2026-03-06,524020.0,647600.0,-123580.0,8113584200.0,10002909200.0,-1889325000.0
PDV,2026-03-06,1600.0,0.0,1600.0,17600000.0,0.0,17600000.0
PEN,2026-03-06,0.0,0.0,0.0,0.0,980000.0,-980000.0
PET,2026-03-06,0.0,0.0,0.0,0.0,830000.0,-830000.0
PGC,2026-03-06,1000.0,5400.0,-4400.0,15500000.0,85170000.0,-69670000.0
PGD,2026-03-06,0.0,300.0,-300.0,0.0,7600000.0,-7600000.0
PGI,2026-03-06,0.0,0.0,0.0,3920000.0,13720000.0,-9800000.0
PGN,2026-03-06,0.0,0.0,0.0,0.0,640000.0,-640000.0
PGS,2026-03-06,0.0,0.0,0.0,0.0,388800.0,-388800.0
PGT,2026-03-06,0.0,0.0,0.0,0.0,1980000.0,-1980000.0
PGV,2026-03-06,0.0,0.0,0.0,199800000.0,13525000.0,186275000.0
PHC,2026-03-06,0.0,0.0,0.0,0.0,2892000.0,-2892000.0
PHN,2026-03-06,0.0,0.0,0.0,0.0,21049600.0,-21049600.0
PHR,2026-03-06,64100.0,62700.0,1400.0,3975070000.0,3904870000.0,70200000.0
PIA,2026-03-06,0.0,0.0,0.0,0.0,0.0,0.0
PIC,2026-03-06,0.0,0.0,0.0,0.0,0.0,0.0
PIT,2026-03-06,0.0,0.0,0.0,0.0,12140.0,-12140.0
PJC,2026-03-06,0.0,0.0,0.0,0.0,3180000.0,-3180000.0
PJT,2026-03-06,0.0,0.0,0.0,0.0,9300.0,-9300.0
PLC,2026-03-06,30800.0,91300.0,-60500.0,963700000.0,2901280000.0,-1937580000.0
PLP,2026-03-06,0.0,300.0,-300.0,0.0,1641000.0,-1641000.0
PLX,2026-03-06,542944.0,1697420.0,-1154476.0,34193042800.0,107319244000.0,-73126201200.0
PMB,2026-03-06,0.0,0.0,0.0,0.0,4950000.0,-4950000.0
PMC,2026-03-06,0.0,0.0,0.0,0.0,28700000.0,-28700000.0
PMG,2026-03-06,0.0,0.0,0.0,900000.0,5580000.0,-4680000.0
PMP,2026-03-06,0.0,0.0,0.0,0.0,3830000.0,-3830000.0
PMS,2026-03-06,0.0,0.0,0.0,0.0,115218000.0,-115218000.0
PNC,2026-03-06,0.0,0.0,0.0,0.0,10380000.0,-10380000.0
PNJ,2026-03-06,708413.0,312400.0,396013.0,80685671600.0,35168110000.0,45517561600.0
POT,2026-03-06,0.0,0.0,0.0,7920000.0,0.0,7920000.0
POW,2026-03-06,1948400.0,3787431.0,-1839031.0,28912310000.0,57080322550.0,-28168012550.0
PPC,2026-03-06,14600.0,18800.0,-4200.0,150365000.0,192220000.0,-41855000.0
PPE,2026-03-06,0.0,0.0,0.0,0.0,5700000.0,-5700000.0
PPP,2026-03-06,0.0,0.0,0.0,5580000.0,0.0,5580000.0
PPS,2026-03-06,0.0,0.0,0.0,0.0,20140000.0,-20140000.0
PPT,2026-03-06,0.0,0.0,0.0,0.0,0.0,0.0
PPY,2026-03-06,0.0,0.0,0.0,0.0,0.0,0.0
PRC,2026-03-06,0.0,0.0,0.0,0.0,620000.0,-620000.0
PRE,2026-03-06,0.0,0.0,0.0,2300000.0,0.0,2300000.0
PSC,2026-03-06,0.0,0.0,0.0,0.0,6300000.0,-6300000.0
PSD,2026-03-06,0.0,0.0,0.0,0.0,1380000.0,-1380000.0
PSE,2026-03-06,0.0,0.0,0.0,3270000.0,0.0,3270000.0
PSI,2026-03-06,0.0,0.0,0.0,0.0,129360000.0,-129360000.0
PSW,2026-03-06,0.0,30.0,-30.0,0.0,249000.0,-249000.0
PTB,2026-03-06,71100.0,41200.0,29900.0,3683125000.0,2136705000.0,1546420000.0
PTC,2026-03-06,0.0,0.0,0.0,1522000.0,0.0,1522000.0
PTD,2026-03-06,0.0,0.0,0.0,0.0,15600000.0,-15600000.0
PTI,2026-03-06,0.0,0.0,0.0,0.0,78300000.0,-78300000.0
PTL,2026-03-06,0.0,0.0,0.0,0.0,1850000.0,-1850000.0
PTS,2026-03-06,0.0,0.0,0.0,0.0,17460000.0,-17460000.0
PTX,2026-03-06,0.0,0.0,0.0,0.0,0.0,0.0
PV2,2026-03-06,0.0,0.0,0.0,19240000.0,0.0,19240000.0
PVB,2026-03-06,7100.0,32700.0,-25600.0,264590000.0,1219190000.0,-954600000.0
PVC,2026-03-06,0.0,0.0,0.0,0.0,850000.0,-850000.0
PVD,2026-03-06,2091500.0,1612900.0,478600.0,88978075000.0,68111890000.0,20866185000.0
PVG,2026-03-06,30100.0,11300.0,18800.0,241300000.0,95660000.0,145640000.0
PVI,2026-03-06,100.0,3000.0,-2900.0,8290000.0,249490000.0,-241200000.0
PVP,2026-03-06,33300.0,63700.0,-30400.0,590800000.0,1137825000.0,-547025000.0
PVS,2026-03-06,1607800.0,2947303.0,-1339503.0,83030280000.0,152371996900.0,-69341716900.0
PVT,2026-03-06,4557200.0,2489638.0,2067562.0,137251190000.0,75614119900.0,61637070100.0
QCG,2026-03-06,1900.0,31000.0,-29100.0,25460000.0,420730000.0,-395270000.0
QHD,2026-03-06,0.0,0.0,0.0,0.0,55000000.0,-55000000.0
QNP,2026-03-06,0.0,0.0,0.0,0.0,0.0,0.0
QST,2026-03-06,0.0,0.0,0.0,0.0,0.0,0.0
QTC,2026-03-06,0.0,0.0,0.0,0.0,71060000.0,-71060000.0
RAL,2026-03-06,0.0,0.0,0.0,35520000.0,0.0,35520000.0
RCL,2026-03-06,0.0,0.0,0.0,6270000.0,0.0,6270000.0
REE,2026-03-06,4640.0,0.0,4640.0,296484000.0,0.0,296484000.0
RYG,2026-03-06,25600.0,12100.0,13500.0,281775000.0,133100000.0,148675000.0
S4A,2026-03-06,0.0,0.0,0.0,0.0,0.0,0.0
S55,2026-03-06,0.0,0.0,0.0,53610000.0,0.0,53610000.0
S99,2026-03-06,0.0,0.0,0.0,0.0,536800.0,-536800.0
SAB,2026-03-06,67763.0,40500.0,27263.0,3101983500.0,1856515000.0,1245468500.0
SAF,2026-03-06,0.0,0.0,0.0,0.0,889100.0,-889100.0
SAM,2026-03-06,0.0,0.0,0.0,0.0,39157610.0,-39157610.0
SAV,2026-03-06,0.0,0.0,0.0,0.0,397500.0,-397500.0
SBA,2026-03-06,0.0,0.0,0.0,0.0,14400000.0,-14400000.0
SBG,2026-03-06,100.0,3900.0,-3800.0,1200000.0,48000000.0,-46800000.0
SBT,2026-03-06,0.0,63900.0,-63900.0,0.0,1488830000.0,-1488830000.0
SBV,2026-03-06,0.0,0.0,0.0,3180000.0,0.0,3180000.0
SC5,2026-03-06,0.0,0.0,0.0,0.0,105350.0,-105350.0
SCG,2026-03-06,0.0,0.0,0.0,78240000.0,0.0,78240000.0
SCI,2026-03-06,0.0,0.0,0.0,0.0,10038600.0,-10038600.0
SCR,2026-03-06,229000.0,84400.0,144600.0,1368038000.0,504731000.0,863307000.0
SCS,2026-03-06,19700.0,36820.0,-17120.0,1099090000.0,2060140000.0,-961050000.0
SD5,2026-03-06,0.0,0.0,0.0,0.0,76000000.0,-76000000.0
SD9,2026-03-06,0.0,0.0,0.0,2180000.0,0.0,2180000.0
SDA,2026-03-06,0.0,0.0,0.0,0.0,0.0,0.0
SDC,2026-03-06,0.0,0.0,0.0,0.0,71000.0,-71000.0
SDG,2026-03-06,0.0,0.0,0.0,2200000.0,0.0,2200000.0
SDN,2026-03-06,0.0,0.0,0.0,2200000.0,0.0,2200000.0
SDU,2026-03-06,0.0,0.0,0.0,0.0,1710000.0,-1710000.0
SEB,2026-03-06,0.0,0.0,0.0,0.0,170510000.0,-170510000.0
SED,2026-03-06,0.0,0.0,0.0,0.0,15680000.0,-15680000.0
SFC,2026-03-06,0.0,0.0,0.0,0.0,80032000.0,-80032000.0
SFG,2026-03-06,0.0,0.0,0.0,0.0,254100000.0,-254100000.0
SFI,2026-03-06,0.0,0.0,0.0,14210000.0,0.0,14210000.0
SFN,2026-03-06,0.0,0.0,0.0,0.0,2160000.0,-2160000.0
SGC,2026-03-06,0.0,0.0,0.0,15600000.0,0.0,15600000.0
SGD,2026-03-06,0.0,0.0,0.0,0.0,9600000.0,-9600000.0
SGH,2026-03-06,0.0,0.0,0.0,0.0,21780000.0,-21780000.0
SGN,2026-03-06,6400.0,0.0,6400.0,366340000.0,0.0,366340000.0
SGR,2026-03-06,0.0,0.0,0.0,0.0,148810000.0,-148810000.0
SGT,2026-03-06,0.0,0.0,0.0,0.0,3160000.0,-3160000.0
SHA,2026-03-06,0.0,0.0,0.0,0.0,131950.0,-131950.0
SHB,2026-03-06,740700.0,410900.0,329800.0,11432770000.0,6291640000.0,5141130000.0
SHE,2026-03-06,600.0,0.0,600.0,3960000.0,0.0,3960000.0
SHI,2026-03-06,0.0,18100.0,-18100.0,0.0,250900000.0,-250900000.0
SHN,2026-03-06,0.0,500.0,-500.0,0.0,1750000.0,-1750000.0
SHP,2026-03-06,0.0,0.0,0.0,0.0,0.0,0.0
SHS,2026-03-06,190800.0,1452500.0,-1261700.0,3645190000.0,27525720000.0,-23880530000.0
SIP,2026-03-06,38700.0,60866.0,-22166.0,2264030000.0,3580232300.0,-1316202300.0
SJ1,2026-03-06,0.0,0.0,0.0,0.0,0.0,0.0
SJD,2026-03-06,9100.0,0.0,9100.0,127400000.0,0.0,127400000.0
SJE,2026-03-06,0.0,0.0,0.0,0.0,10211400.0,-10211400.0
SJS,2026-03-06,100.0,100.0,0.0,5010000.0,5100000.0,-90000.0
SKG,2026-03-06,0.0,5600.0,-5600.0,0.0,55492000.0,-55492000.0
SLS,2026-03-06,0.0,0.0,0.0,31860000.0,80050000.0,-48190000.0
SMA,2026-03-06,0.0,0.0,0.0,14400000.0,25600000.0,-11200000.0
SMB,2026-03-06,1600.0,2400.0,-800.0,62480000.0,93630000.0,-31150000.0
SMC,2026-03-06,0.0,100.0,-100.0,0.0,1150000.0,-1150000.0
SMN,2026-03-06,0.0,0.0,0.0,0.0,44440000.0,-44440000.0
SMT,2026-03-06,0.0,0.0,0.0,0.0,0.0,0.0
SPC,2026-03-06,0.0,0.0,0.0,0.0,0.0,0.0
SPM,2026-03-06,0.0,0.0,0.0,0.0,21560000.0,-21560000.0
SRA,2026-03-06,0.0,0.0,0.0,0.0,1100000.0,-1100000.0
SRC,2026-03-06,0.0,0.0,0.0,0.0,4855000.0,-4855000.0
SRF,2026-03-06,0.0,0.0,0.0,0.0,810000.0,-810000.0
SSB,2026-03-06,207400.0,40500.0,166900.0,3475005000.0,683315000.0,2791690000.0
SSC,2026-03-06,0.0,0.0,0.0,0.0,6400000.0,-6400000.0
SSI,2026-03-06,529050.0,6227350.0,-5698300.0,17077065300.0,203834510300.0,-186757445000.0
SSM,2026-03-06,0.0,0.0,0.0,0.0,260000.0,-260000.0
ST8,2026-03-06,0.0,0.0,0.0,0.0,23340000.0,-23340000.0
STB,2026-03-06,1497800.0,1979900.0,-482100.0,95836430000.0,127420610000.0,-31584180000.0
STC,2026-03-06,0.0,0.0,0.0,0.0,17000000.0,-17000000.0
STG,2026-03-06,0.0,0.0,0.0,0.0,11850000.0,-11850000.0
STK,2026-03-06,0.0,0.0,0.0,4530000.0,0.0,4530000.0
STP,2026-03-06,0.0,0.0,0.0,0.0,29970000.0,-29970000.0
SVC,2026-03-06,600.0,0.0,600.0,11760000.0,0.0,11760000.0
SVD,2026-03-06,0.0,0.0,0.0,0.0,1713000.0,-1713000.0
SVN,2026-03-06,0.0,0.0,0.0,306000.0,0.0,306000.0
SVT,2026-03-06,0.0,0.0,0.0,0.0,2260000.0,-2260000.0
SZB,2026-03-06,0.0,0.0,0.0,0.0,0.0,0.0
SZC,2026-03-06,101300.0,19800.0,81500.0,3148105000.0,622140000.0,2525965000.0
SZL,2026-03-06,0.0,0.0,0.0,0.0,452115000.0,-452115000.0
TA9,2026-03-06,0.0,0.0,0.0,0.0,0.0,0.0
TAL,2026-03-06,0.0,46800.0,-46800.0,0.0,1979635000.0,-1979635000.0
TBC,2026-03-06,0.0,0.0,0.0,54000000.0,0.0,54000000.0
TCB,2026-03-06,185000.0,341400.0,-156400.0,6373250000.0,11318735000.0,-4945485000.0
TCD,2026-03-06,0.0,0.0,0.0,43400000.0,4094000.0,39306000.0
TCH,2026-03-06,516400.0,1091400.0,-575000.0,7164370000.0,15160055000.0,-7995685000.0
TCI,2026-03-06,0.0,0.0,0.0,0.0,77557000.0,-77557000.0
TCL,2026-03-06,1000.0,301.0,699.0,34650000.0,10459950.0,24190050.0
TCM,2026-03-06,700.0,26300.0,-25600.0,17955000.0,675625000.0,-657670000.0
TCO,2026-03-06,0.0,0.0,0.0,0.0,824000.0,-824000.0
TCR,2026-03-06,0.0,0.0,0.0,0.0,538000.0,-538000.0
TCT,2026-03-06,0.0,0.0,0.0,0.0,1920000.0,-1920000.0
TCX,2026-03-06,455096.0,1228600.0,-773504.0,25652868800.0,69347246000.0,-43694377200.0
TD6,2026-03-06,0.0,0.0,0.0,0.0,0.0,0.0
TDC,2026-03-06,5400.0,2600.0,2800.0,59960000.0,28940000.0,31020000.0
TDG,2026-03-06,0.0,0.0,0.0,0.0,8220.0,-8220.0
TDH,2026-03-06,0.0,10200.0,-10200.0,0.0,38148000.0,-38148000.0
TDM,2026-03-06,0.0,0.0,0.0,0.0,23200000.0,-23200000.0
TDP,2026-03-06,11500.0,18100.0,-6600.0,333940000.0,524975000.0,-191035000.0
TDT,2026-03-06,0.0,0.0,0.0,0.0,30550000.0,-30550000.0
TDW,2026-03-06,0.0,0.0,0.0,0.0,42850000.0,-42850000.0
TEG,2026-03-06,0.0,0.0,0.0,0.0,5589000.0,-5589000.0
TET,2026-03-06,0.0,0.0,0.0,0.0,0.0,0.0
TFC,2026-03-06,0.0,500.0,-500.0,0.0,20900000.0,-20900000.0
THB,2026-03-06,0.0,0.0,0.0,0.0,32200000.0,-32200000.0
THD,2026-03-06,0.0,100.0,-100.0,0.0,3040000.0,-3040000.0
THG,2026-03-06,0.0,1400.0,-1400.0,0.0,62655000.0,-62655000.0
THS,2026-03-06,0.0,0.0,0.0,0.0,0.0,0.0
THT,2026-03-06,300.0,0.0,300.0,2910000.0,0.0,2910000.0
TIG,2026-03-06,100.0,7900.0,-7800.0,760000.0,60830000.0,-60070000.0
TIP,2026-03-06,0.0,1900.0,-1900.0,0.0,35640000.0,-35640000.0
TIX,2026-03-06,0.0,0.0,0.0,0.0,21500000.0,-21500000.0
TJC,2026-03-06,0.0,0.0,0.0,0.0,15000000.0,-15000000.0
TKU,2026-03-06,0.0,900.0,-900.0,0.0,12330000.0,-12330000.0
TLD,2026-03-06,0.0,0.0,0.0,56279000.0,95794000.0,-39515000.0
TLG,2026-03-06,50900.0,20200.0,30700.0,2737760000.0,1084870000.0,1652890000.0
TLH,2026-03-06,0.0,0.0,0.0,28620000.0,39711000.0,-11091000.0
TMB,2026-03-06,0.0,0.0,0.0,0.0,0.0,0.0
TMC,2026-03-06,0.0,0.0,0.0,0.0,0.0,0.0
TMP,2026-03-06,0.0,0.0,0.0,63800000.0,0.0,63800000.0
TMS,2026-03-06,0.0,0.0,0.0,0.0,406200.0,-406200.0
TMT,2026-03-06,0.0,0.0,0.0,5660000.0,0.0,5660000.0
TMX,2026-03-06,0.0,0.0,0.0,0.0,9850000.0,-9850000.0
TN1,2026-03-06,0.0,0.0,0.0,0.0,4890000.0,-4890000.0
TNC,2026-03-06,0.0,0.0,0.0,0.0,8870000.0,-8870000.0
TNG,2026-03-06,411300.0,99400.0,311900.0,10067230000.0,2447820000.0,7619410000.0
TNH,2026-03-06,100.0,846.0,-746.0,1145000.0,9724500.0,-8579500.0
TNI,2026-03-06,0.0,0.0,0.0,0.0,1010000.0,-1010000.0
TNT,2026-03-06,2000.0,100.0,1900.0,20550000.0,1075000.0,19475000.0
TOT,2026-03-06,100.0,0.0,100.0,1550000.0,0.0,1550000.0
TPB,2026-03-06,368435.0,3699995.0,-3331560.0,6242698500.0,62931853000.0,-56689154500.0
TPC,2026-03-06,0.0,0.0,0.0,1370000.0,0.0,1370000.0
TPP,2026-03-06,0.0,0.0,0.0,2100000.0,0.0,2100000.0
TRA,2026-03-06,0.0,0.0,0.0,71000000.0,0.0,71000000.0
TRC,2026-03-06,2200.0,5900.0,-3700.0,167100000.0,451130000.0,-284030000.0
TSA,2026-03-06,0.0,0.0,0.0,0.0,3120000.0,-3120000.0
TSB,2026-03-06,200.0,0.0,200.0,4920000.0,0.0,4920000.0
TSC,2026-03-06,0.0,0.0,0.0,0.0,188760.0,-188760.0
TTA,2026-03-06,0.0,0.0,0.0,0.0,15285000.0,-15285000.0
TTC,2026-03-06,0.0,0.0,0.0,1050000.0,0.0,1050000.0
TTE,2026-03-06,0.0,0.0,0.0,0.0,0.0,0.0
TTF,2026-03-06,2000.0,25000.0,-23000.0,5580000.0,69896000.0,-64316000.0
TTH,2026-03-06,0.0,0.0,0.0,240000.0,0.0,240000.0
TTL,2026-03-06,0.0,0.0,0.0,0.0,3360000.0,-3360000.0
TTT,2026-03-06,0.0,0.0,0.0,0.0,476000000.0,-476000000.0
TV2,2026-03-06,11600.0,82200.0,-70600.0,441830000.0,3144570000.0,-2702740000.0
TV3,2026-03-06,0.0,0.0,0.0,0.0,1650000.0,-1650000.0
TV4,2026-03-06,0.0,0.0,0.0,0.0,1305000.0,-1305000.0
TVB,2026-03-06,100.0,1000.0,-900.0,790000.0,7950000.0,-7160000.0
TVC,2026-03-06,0.0,0.0,0.0,0.0,12000000.0,-12000000.0
TVD,2026-03-06,0.0,200.0,-200.0,0.0,2380000.0,-2380000.0
TVS,2026-03-06,0.0,18406.0,-18406.0,0.0,267572300.0,-267572300.0
TVT,2026-03-06,0.0,0.0,0.0,0.0,0.0,0.0
TXM,2026-03-06,0.0,0.0,0.0,5000000.0,0.0,5000000.0
TYA,2026-03-06,0.0,1300.0,-1300.0,0.0,23780000.0,-23780000.0
UIC,2026-03-06,0.0,900.0,-900.0,0.0,54450000.0,-54450000.0
UNI,2026-03-06,0.0,0.0,0.0,0.0,0.0,0.0
V12,2026-03-06,0.0,0.0,0.0,0.0,5600000.0,-5600000.0
V21,2026-03-06,0.0,0.0,0.0,0.0,0.0,0.0
VAB,2026-03-06,0.0,0.0,0.0,0.0,70720000.0,-70720000.0
VAF,2026-03-06,200.0,0.0,200.0,4000000.0,0.0,4000000.0
VBC,2026-03-06,0.0,0.0,0.0,0.0,8400000.0,-8400000.0
VC1,2026-03-06,0.0,0.0,0.0,0.0,0.0,0.0
VC2,2026-03-06,0.0,6800.0,-6800.0,0.0,34000000.0,-34000000.0
VC3,2026-03-06,9100.0,23500.0,-14400.0,243880000.0,632040000.0,-388160000.0
VC6,2026-03-06,0.0,0.0,0.0,10300000.0,0.0,10300000.0
VC7,2026-03-06,1500.0,0.0,1500.0,12450000.0,0.0,12450000.0
VC9,2026-03-06,0.0,0.0,0.0,7600000.0,0.0,7600000.0
VCA,2026-03-06,0.0,0.0,0.0,0.0,4100000.0,-4100000.0
VCB,2026-03-06,907927.0,1181673.0,-273746.0,56444076200.0,73599881000.0,-17155804800.0
VCC,2026-03-06,0.0,0.0,0.0,0.0,0.0,0.0
VCF,2026-03-06,0.0,200.0,-200.0,0.0,63400000.0,-63400000.0
VCG,2026-03-06,876900.0,1696000.0,-819100.0,17581610000.0,33937025000.0,-16355415000.0
VCI,2026-03-06,2078560.0,508400.0,1570160.0,79906534000.0,20228245000.0,59678289000.0
VCK,2026-03-06,135210.0,371700.0,-236490.0,6777375000.0,18548580000.0,-11771205000.0
VCM,2026-03-06,0.0,0.0,0.0,0.0,0.0,0.0
VCS,2026-03-06,100.0,0.0,100.0,4300000.0,0.0,4300000.0
VDL,2026-03-06,0.0,0.0,0.0,980000.0,0.0,980000.0
VDP,2026-03-06,0.0,0.0,0.0,0.0,9980000.0,-9980000.0
VDS,2026-03-06,47000.0,76700.0,-29700.0,831745000.0,1363185000.0,-531440000.0
VE1,2026-03-06,0.0,0.0,0.0,21600.0,0.0,21600.0
VE3,2026-03-06,0.0,0.0,0.0,0.0,0.0,0.0
VE4,2026-03-06,0.0,0.0,0.0,0.0,0.0,0.0
VFG,2026-03-06,0.0,0.0,0.0,0.0,5330000.0,-5330000.0
VFS,2026-03-06,51300.0,170000.0,-118700.0,767270000.0,2560800000.0,-1793530000.0
VGC,2026-03-06,127800.0,52500.0,75300.0,5976770000.0,2466145000.0,3510625000.0
VGP,2026-03-06,0.0,0.0,0.0,0.0,28000.0,-28000.0
VGS,2026-03-06,3100.0,93800.0,-90700.0,80500000.0,2429280000.0,-2348780000.0
VHC,2026-03-06,550200.0,236600.0,313600.0,32825490000.0,13994460000.0,18831030000.0
VHE,2026-03-06,0.0,0.0,0.0,0.0,0.0,0.0
VHL,2026-03-06,0.0,0.0,0.0,1030000.0,0.0,1030000.0
VHM,2026-03-06,1665524.0,2959300.0,-1293776.0,158862774900.0,281025730000.0,-122162955100.0
VIB,2026-03-06,302500.0,32700.0,269800.0,5087195000.0,548385000.0,4538810000.0
VIC,2026-03-06,608717.0,1683376.0,-1074659.0,98605748800.0,269850153200.0,-171244404400.0
VID,2026-03-06,0.0,0.0,0.0,0.0,2500000.0,-2500000.0
VIF,2026-03-06,0.0,0.0,0.0,0.0,0.0,0.0
VIG,2026-03-06,0.0,0.0,0.0,0.0,2650000.0,-2650000.0
VIP,2026-03-06,0.0,10500.0,-10500.0,0.0,135865000.0,-135865000.0
VIT,2026-03-06,0.0,0.0,0.0,0.0,2190000.0,-2190000.0
VIX,2026-03-06,413010.0,4931520.0,-4518510.0,7334975000.0,88922450000.0,-81587475000.0
VJC,2026-03-06,126110.0,180000.0,-53890.0,19531920000.0,27723900000.0,-8191980000.0
VLA,2026-03-06,0.0,0.0,0.0,0.0,26700.0,-26700.0
VMC,2026-03-06,0.0,0.0,0.0,0.0,1458800.0,-1458800.0
VMD,2026-03-06,0.0,0.0,0.0,1570000.0,0.0,1570000.0
VMS,2026-03-06,0.0,0.0,0.0,0.0,20440000.0,-20440000.0
VNC,2026-03-06,0.0,0.0,0.0,0.0,28000000.0,-28000000.0
VND,2026-03-06,201300.0,2692278.0,-2490978.0,3744605000.0,49730465800.0,-45985860800.0
VNE,2026-03-06,900.0,0.0,900.0,4518000.0,0.0,4518000.0
VNF,2026-03-06,0.0,0.0,0.0,0.0,9530000.0,-9530000.0
VNG,2026-03-06,0.0,0.0,0.0,1360000.0,0.0,1360000.0
VNL,2026-03-06,0.0,0.0,0.0,466030000.0,6255000.0,459775000.0
VNM,2026-03-06,757191.0,1276100.0,-518909.0,47431988500.0,79861905500.0,-32429917000.0
VNR,2026-03-06,0.0,0.0,0.0,486320000.0,187060900.0,299259100.0
VNS,2026-03-06,0.0,100.0,-100.0,0.0,900000.0,-900000.0
VNT,2026-03-06,0.0,0.0,0.0,0.0,380115200.0,-380115200.0
VOS,2026-03-06,475704.0,178700.0,297004.0,7831872900.0,2965825000.0,4866047900.0
VPB,2026-03-06,1335080.0,4699000.0,-3363920.0,35782977000.0,125876000000.0,-90093023000.0
VPD,2026-03-06,0.0,0.0,0.0,2580000.0,0.0,2580000.0
VPG,2026-03-06,200.0,0.0,200.0,980000.0,0.0,980000.0
VPH,2026-03-06,0.0,0.0,0.0,9854000.0,0.0,9854000.0
VPI,2026-03-06,370200.0,66600.0,303600.0,21445150000.0,3852510000.0,17592640000.0
VPL,2026-03-06,135000.0,6400.0,128600.0,10349450000.0,493910000.0,9855540000.0
VPS,2026-03-06,0.0,0.0,0.0,0.0,8100000.0,-8100000.0
VPX,2026-03-06,222100.0,82600.0,139500.0,7015735000.0,2661040000.0,4354695000.0
VRC,2026-03-06,0.0,200.0,-200.0,0.0,2560000.0,-2560000.0
VRE,2026-03-06,441127.0,1019300.0,-578173.0,11747672800.0,27138255000.0,-15390582200.0
VSA,2026-03-06,0.0,0.0,0.0,0.0,11500000.0,-11500000.0
VSC,2026-03-06,74070.0,359300.0,-285230.0,1815222000.0,9016585000.0,-7201363000.0
VSH,2026-03-06,0.0,13600.0,-13600.0,0.0,584900000.0,-584900000.0
VSI,2026-03-06,0.0,0.0,0.0,5190000.0,0.0,5190000.0
VSM,2026-03-06,0.0,0.0,0.0,1490000.0,0.0,1490000.0
VTB,2026-03-06,100.0,0.0,100.0,1455000.0,0.0,1455000.0
VTC,2026-03-06,0.0,0.0,0.0,0.0,1210000.0,-1210000.0
VTH,2026-03-06,0.0,0.0,0.0,0.0,0.0,0.0
VTJ,2026-03-06,0.0,0.0,0.0,2000000.0,0.0,2000000.0
VTO,2026-03-06,23000.0,32500.0,-9500.0,293670000.0,411845000.0,-118175000.0
VTP,2026-03-06,28000.0,62800.0,-34800.0,2777350000.0,6204110000.0,-3426760000.0
VTV,2026-03-06,2900.0,0.0,2900.0,42720000.0,0.0,42720000.0
VTZ,2026-03-06,15200.0,5700.0,9500.0,310080000.0,116850000.0,193230000.0
VVS,2026-03-06,23600.0,200.0,23400.0,3255130000.0,27600000.0,3227530000.0
WCS,2026-03-06,0.0,0.0,0.0,0.0,2208800.0,-2208800.0
WSS,2026-03-06,0.0,0.0,0.0,4550000.0,0.0,4550000.0
X20,2026-03-06,0.0,0.0,0.0,0.0,1280000.0,-1280000.0
YBM,2026-03-06,0.0,0.0,0.0,0.0,3510000.0,-3510000.0
YEG,2026-03-06,1500.0,23800.0,-22300.0,17875000.0,283220000.0,-265345000.0
AAA,2026-03-07,22200.0,800.0,21400.0,166611000.0,5992000.0,160619000.0
AAM,2026-03-07,0.0,0.0,0.0,0.0,625000.0,-625000.0
AAT,2026-03-07,0.0,0.0,0.0,0.0,927000.0,-927000.0
AAV,2026-03-07,0.0,0.0,0.0,6500000.0,13860000.0,-7360000.0
ABR,2026-03-07,0.0,0.0,0.0,1285000.0,0.0,1285000.0
ABS,2026-03-07,0.0,0.0,0.0,0.0,0.0,0.0
ABT,2026-03-07,0.0,200.0,-200.0,0.0,13100000.0,-13100000.0
ACB,2026-03-07,914800.0,1457300.0,-542500.0,21400430000.0,34122675000.0,-12722245000.0
ACC,2026-03-07,0.0,0.0,0.0,0.0,207750.0,-207750.0
ACG,2026-03-07,2200.0,0.0,2200.0,75920000.0,0.0,75920000.0
ACL,2026-03-07,0.0,0.0,0.0,0.0,1350000.0,-1350000.0
ADC,2026-03-07,0.0,0.0,0.0,0.0,0.0,0.0
ADG,2026-03-07,0.0,0.0,0.0,0.0,76000000.0,-76000000.0
ADP,2026-03-07,0.0,0.0,0.0,9385000.0,0.0,9385000.0
ADS,2026-03-07,0.0,0.0,0.0,87333000.0,0.0,87333000.0
AFX,2026-03-07,0.0,0.0,0.0,0.0,0.0,0.0
AGG,2026-03-07,6400.0,21500.0,-15100.0,86400000.0,291425000.0,-205025000.0
AGR,2026-03-07,94800.0,231200.0,-136400.0,1540855000.0,3743560000.0,-2202705000.0
ALT,2026-03-07,0.0,0.0,0.0,0.0,0.0,0.0
AMC,2026-03-07,0.0,0.0,0.0,0.0,2540000.0,-2540000.0
AME,2026-03-07,0.0,0.0,0.0,1220000.0,1220000.0,0.0
AMV,2026-03-07,0.0,0.0,0.0,0.0,52000.0,-52000.0
ANT,2026-03-07,0.0,0.0,0.0,0.0,0.0,0.0
ANV,2026-03-07,33300.0,22200.0,11100.0,835935000.0,560255000.0,275680000.0
APG,2026-03-07,0.0,16500.0,-16500.0,0.0,165435000.0,-165435000.0
APH,2026-03-07,0.0,0.0,0.0,13706000.0,0.0,13706000.0
API,2026-03-07,0.0,1400.0,-1400.0,0.0,8400000.0,-8400000.0
APS,2026-03-07,0.0,14100.0,-14100.0,0.0,97890000.0,-97890000.0
ARM,2026-03-07,0.0,0.0,0.0,0.0,26200000.0,-26200000.0
ASG,2026-03-07,0.0,0.0,0.0,1590000.0,0.0,1590000.0
ASM,2026-03-07,5490.0,0.0,5490.0,32128160.0,0.0,32128160.0
ASP,2026-03-07,0.0,0.0,0.0,14400000.0,0.0,14400000.0
AST,2026-03-07,1200.0,0.0,1200.0,89880000.0,0.0,89880000.0
ATS,2026-03-07,0.0,0.0,0.0,0.0,3560000.0,-3560000.0
BAB,2026-03-07,0.0,0.0,0.0,0.0,3540000.0,-3540000.0
BAF,2026-03-07,241900.0,176800.0,65100.0,8934415000.0,6519495000.0,2414920000.0
BAX,2026-03-07,0.0,0.0,0.0,0.0,3350000.0,-3350000.0
BBS,2026-03-07,0.0,0.0,0.0,0.0,2580000.0,-2580000.0
BCC,2026-03-07,0.0,12500.0,-12500.0,0.0,93750000.0,-93750000.0
BCE,2026-03-07,0.0,500.0,-500.0,0.0,5600000.0,-5600000.0
BCF,2026-03-07,0.0,0.0,0.0,0.0,0.0,0.0
BCG,2026-03-07,0.0,0.0,0.0,157624000.0,366411000.0,-208787000.0
BCM,2026-03-07,40000.0,36476.0,3524.0,2350670000.0,2142414100.0,208255900.0
BED,2026-03-07,0.0,0.0,0.0,0.0,0.0,0.0
BFC,2026-03-07,22200.0,38500.0,-16300.0,1589970000.0,2745800000.0,-1155830000.0
BHN,2026-03-07,0.0,0.0,0.0,12700000.0,0.0,12700000.0
BIC,2026-03-07,400.0,22300.0,-21900.0,9400000.0,524465000.0,-515065000.0
BID,2026-03-07,906500.0,528566.0,377934.0,39880615000.0,23471783400.0,16408831600.0
BKC,2026-03-07,0.0,0.0,0.0,0.0,0.0,0.0
BKG,2026-03-07,0.0,0.0,0.0,277000.0,0.0,277000.0
BMC,2026-03-07,0.0,0.0,0.0,0.0,7221600.0,-7221600.0
BMI,2026-03-07,0.0,31097.0,-31097.0,0.0,548913350.0,-548913350.0
BMP,2026-03-07,4010.0,24700.0,-20690.0,608605000.0,3750100000.0,-3141495000.0
BNA,2026-03-07,0.0,0.0,0.0,82800000.0,0.0,82800000.0
BPC,2026-03-07,0.0,0.0,0.0,0.0,0.0,0.0
BRC,2026-03-07,0.0,0.0,0.0,0.0,2560000.0,-2560000.0
BSI,2026-03-07,26400.0,62600.0,-36200.0,1012470000.0,2406955000.0,-1394485000.0
BSR,2026-03-07,5655610.0,1308400.0,4347210.0,209095015500.0,48452490000.0,160642525500.0
BTP,2026-03-07,0.0,0.0,0.0,0.0,58581000.0,-58581000.0
BTS,2026-03-07,0.0,0.0,0.0,3710000.0,0.0,3710000.0
BTT,2026-03-07,0.0,0.0,0.0,0.0,13600000.0,-13600000.0
BTW,2026-03-07,0.0,0.0,0.0,0.0,275700000.0,-275700000.0
BVH,2026-03-07,519301.0,47000.0,472301.0,39188175200.0,3534850000.0,35653325200.0
BVS,2026-03-07,0.0,51600.0,-51600.0,0.0,1574400000.0,-1574400000.0
BWE,2026-03-07,10300.0,1000.0,9300.0,465260000.0,45225000.0,420035000.0
BXH,2026-03-07,0.0,0.0,0.0,0.0,0.0,0.0
C32,2026-03-07,1500.0,0.0,1500.0,17705000.0,0.0,17705000.0
C47,2026-03-07,0.0,0.0,0.0,0.0,4805000.0,-4805000.0
C69,2026-03-07,0.0,3000.0,-3000.0,0.0,48600000.0,-48600000.0
CAG,2026-03-07,0.0,0.0,0.0,0.0,13860000.0,-13860000.0
CAN,2026-03-07,0.0,0.0,0.0,0.0,2800000.0,-2800000.0
CAP,2026-03-07,0.0,0.0,0.0,0.0,11422600.0,-11422600.0
CAR,2026-03-07,0.0,0.0,0.0,0.0,0.0,0.0
CCC,2026-03-07,0.0,0.0,0.0,0.0,0.0,0.0
CCI,2026-03-07,0.0,0.0,0.0,0.0,0.0,0.0
CCL,2026-03-07,7300.0,4300.0,3000.0,38106000.0,23186000.0,14920000.0
CCR,2026-03-07,0.0,0.0,0.0,0.0,2820000.0,-2820000.0
CDC,2026-03-07,24300.0,5500.0,18800.0,550390000.0,126010000.0,424380000.0
CDN,2026-03-07,0.0,0.0,0.0,3310000.0,13230000.0,-9920000.0
CEO,2026-03-07,196800.0,75900.0,120900.0,3236940000.0,1235740000.0,2001200000.0
CET,2026-03-07,0.0,900.0,-900.0,0.0,8550000.0,-8550000.0
CHP,2026-03-07,0.0,0.0,0.0,0.0,5095366750.0,-5095366750.0
CIA,2026-03-07,0.0,0.0,0.0,13640000.0,0.0,13640000.0
CIG,2026-03-07,0.0,0.0,0.0,0.0,52282000.0,-52282000.0
CII,2026-03-07,1298086.0,1091502.0,206584.0,21215086100.0,17833932700.0,3381153400.0
CJC,2026-03-07,0.0,0.0,0.0,0.0,7200000.0,-7200000.0
CKG,2026-03-07,0.0,0.0,0.0,0.0,7618000.0,-7618000.0
CKV,2026-03-07,0.0,0.0,0.0,0.0,44640000.0,-44640000.0
CLC,2026-03-07,0.0,0.0,0.0,16800000.0,5500000.0,11300000.0
CLH,2026-03-07,0.0,0.0,0.0,0.0,64800000.0,-64800000.0
CLL,2026-03-07,300.0,300.0,0.0,9135000.0,9135000.0,0.0
CLM,2026-03-07,0.0,0.0,0.0,0.0,0.0,0.0
CLW,2026-03-07,0.0,0.0,0.0,5440000.0,0.0,5440000.0
CMC,2026-03-07,0.0,0.0,0.0,0.0,12600000.0,-12600000.0
CMG,2026-03-07,25715.0,96141.0,-70426.0,802898250.0,2999574800.0,-2196676550.0
CMS,2026-03-07,0.0,0.0,0.0,0.0,0.0,0.0
CMV,2026-03-07,0.0,0.0,0.0,0.0,14400000.0,-14400000.0
CMX,2026-03-07,0.0,0.0,0.0,38570000.0,40813000.0,-2243000.0
CNG,2026-03-07,0.0,100.0,-100.0,0.0,2635000.0,-2635000.0
COM,2026-03-07,0.0,0.0,0.0,3400000.0,0.0,3400000.0
CPC,2026-03-07,0.0,0.0,0.0,0.0,3370000.0,-3370000.0
CRC,2026-03-07,373300.0,82100.0,291200.0,3294886000.0,748201000.0,2546685000.0
CRE,2026-03-07,500.0,31200.0,-30700.0,3550000.0,218606000.0,-215056000.0
CRV,2026-03-07,0.0,0.0,0.0,137500.0,0.0,137500.0
CSC,2026-03-07,0.0,0.0,0.0,0.0,0.0,0.0
CSM,2026-03-07,7200.0,12200.0,-5000.0,84960000.0,147755000.0,-62795000.0
CST,2026-03-07,0.0,0.0,0.0,0.0,1063930000.0,-1063930000.0
CSV,2026-03-07,111200.0,148300.0,-37100.0,3391210000.0,4739115000.0,-1347905000.0
CTB,2026-03-07,0.0,100.0,-100.0,0.0,1700000.0,-1700000.0
CTD,2026-03-07,800.0,1000.0,-200.0,64160000.0,80200000.0,-16040000.0
CTF,2026-03-07,0.0,1300.0,-1300.0,0.0,24245000.0,-24245000.0
CTG,2026-03-07,273050.0,1887507.0,-1614457.0,9796830000.0,67669643050.0,-57872813050.0
CTI,2026-03-07,19700.0,146300.0,-126600.0,488760000.0,3611975000.0,-3123215000.0
CTP,2026-03-07,0.0,0.0,0.0,60000000.0,0.0,60000000.0
CTR,2026-03-07,13900.0,44400.0,-30500.0,1190100000.0,3816570000.0,-2626470000.0
CTS,2026-03-07,13100.0,187000.0,-173900.0,411590000.0,5845500000.0,-5433910000.0
CTT,2026-03-07,0.0,0.0,0.0,0.0,0.0,0.0
CVT,2026-03-07,0.0,0.0,0.0,0.0,10600000.0,-10600000.0
CX8,2026-03-07,0.0,0.0,0.0,0.0,0.0,0.0
D11,2026-03-07,0.0,0.0,0.0,0.0,0.0,0.0
D2D,2026-03-07,0.0,0.0,0.0,0.0,147220000.0,-147220000.0
DAD,2026-03-07,0.0,0.0,0.0,0.0,1800000.0,-1800000.0
DAE,2026-03-07,0.0,0.0,0.0,0.0,1370000.0,-1370000.0
DAH,2026-03-07,0.0,0.0,0.0,0.0,69000.0,-69000.0
DAT,2026-03-07,0.0,0.0,0.0,0.0,0.0,0.0
DBC,2026-03-07,15800.0,206600.0,-190800.0,392345000.0,5093640000.0,-4701295000.0
DBD,2026-03-07,900.0,1400.0,-500.0,47520000.0,74660000.0,-27140000.0
DBT,2026-03-07,0.0,0.0,0.0,0.0,14429550.0,-14429550.0
DC2,2026-03-07,0.0,0.0,0.0,0.0,353800.0,-353800.0
DC4,2026-03-07,100.0,1700.0,-1600.0,964000.0,16337000.0,-15373000.0
DCL,2026-03-07,0.0,0.0,0.0,0.0,22960000.0,-22960000.0
DCM,2026-03-07,2850100.0,447100.0,2403000.0,139543140000.0,21656525000.0,117886615000.0
DDG,2026-03-07,0.0,0.0,0.0,5500000.0,0.0,5500000.0
DGC,2026-03-07,1078979.0,290010.0,788969.0,79577506000.0,21455628000.0,58121878000.0
DGW,2026-03-07,821400.0,390500.0,430900.0,36815825000.0,17616700000.0,19199125000.0
DHA,2026-03-07,100.0,6300.0,-6200.0,5540000.0,348850000.0,-343310000.0
DHC,2026-03-07,428800.0,51000.0,377800.0,15679550000.0,1873260000.0,13806290000.0
DHG,2026-03-07,200.0,0.0,200.0,20600000.0,0.0,20600000.0
DHM,2026-03-07,0.0,0.0,0.0,0.0,5942900.0,-5942900.0
DHP,2026-03-07,0.0,0.0,0.0,0.0,5850000.0,-5850000.0
DHT,2026-03-07,300.0,200.0,100.0,20430000.0,13820000.0,6610000.0
DIG,2026-03-07,284740.0,968600.0,-683860.0,3921698000.0,13372905000.0,-9451207000.0
DIH,2026-03-07,0.0,0.0,0.0,0.0,0.0,0.0
DL1,2026-03-07,0.0,0.0,0.0,15360000.0,0.0,15360000.0
DLG,2026-03-07,10800.0,200800.0,-190000.0,28404000.0,536368000.0,-507964000.0
DMC,2026-03-07,0.0,0.0,0.0,11960000.0,0.0,11960000.0
DNC,2026-03-07,0.0,0.0,0.0,0.0,0.0,0.0
DNP,2026-03-07,0.0,0.0,0.0,0.0,19400000.0,-19400000.0
DP3,2026-03-07,0.0,0.0,0.0,0.0,285630000.0,-285630000.0
DPG,2026-03-07,12200.0,82100.0,-69900.0,547885000.0,3633755000.0,-3085870000.0
DPM,2026-03-07,706800.0,435500.0,271300.0,21953530000.0,13500210000.0,8453320000.0
DPR,2026-03-07,147600.0,155900.0,-8300.0,6374410000.0,6758515000.0,-384105000.0
DQC,2026-03-07,0.0,0.0,0.0,0.0,993000.0,-993000.0
DRC,2026-03-07,0.0,300.0,-300.0,0.0,4695000.0,-4695000.0
DRH,2026-03-07,0.0,251100.0,-251100.0,0.0,696577000.0,-696577000.0
DRL,2026-03-07,0.0,0.0,0.0,0.0,96900000.0,-96900000.0
DS3,2026-03-07,0.0,0.0,0.0,11600000.0,0.0,11600000.0
DSC,2026-03-07,3000.0,0.0,3000.0,42000000.0,0.0,42000000.0
DSE,2026-03-07,30500.0,1900.0,28600.0,747475000.0,46455000.0,701020000.0
DSN,2026-03-07,0.0,0.0,0.0,4130000.0,0.0,4130000.0
DST,2026-03-07,0.0,0.0,0.0,0.0,2220000.0,-2220000.0
DTA,2026-03-07,0.0,0.0,0.0,9020000.0,0.0,9020000.0
DTD,2026-03-07,16800.0,4100.0,12700.0,287280000.0,69700000.0,217580000.0
DTG,2026-03-07,0.0,0.0,0.0,6260000.0,0.0,6260000.0
DTK,2026-03-07,0.0,0.0,0.0,0.0,1160000.0,-1160000.0
DTL,2026-03-07,0.0,0.0,0.0,9010000.0,0.0,9010000.0
DTT,2026-03-07,0.0,0.0,0.0,15600000.0,0.0,15600000.0
DVM,2026-03-07,0.0,0.0,0.0,0.0,0.0,0.0
DVP,2026-03-07,300.0,0.0,300.0,21330000.0,0.0,21330000.0
DXG,2026-03-07,727620.0,3177443.0,-2449823.0,10194242000.0,44258619150.0,-34064377150.0
DXP,2026-03-07,22100.0,12400.0,9700.0,282310000.0,161020000.0,121290000.0
DXS,2026-03-07,114300.0,240600.0,-126300.0,752304000.0,1575019000.0,-822715000.0
DXV,2026-03-07,0.0,0.0,0.0,0.0,7640000.0,-7640000.0
EBS,2026-03-07,0.0,0.0,0.0,0.0,30780000.0,-30780000.0
ECI,2026-03-07,0.0,0.0,0.0,0.0,0.0,0.0
EIB,2026-03-07,677100.0,1352100.0,-675000.0,14990905000.0,30152340000.0,-15161435000.0
EID,2026-03-07,0.0,0.0,0.0,0.0,8880000.0,-8880000.0
ELC,2026-03-07,7990.0,223800.0,-215810.0,148611500.0,4190155000.0,-4041543500.0
EVE,2026-03-07,300.0,10100.0,-9800.0,3025000.0,103025000.0,-100000000.0
EVF,2026-03-07,1466300.0,1101800.0,364500.0,19952205000.0,15077645000.0,4874560000.0
EVG,2026-03-07,31600.0,62300.0,-30700.0,209722000.0,411563000.0,-201841000.0
EVS,2026-03-07,0.0,1400.0,-1400.0,0.0,7420000.0,-7420000.0
FCM,2026-03-07,1000.0,0.0,1000.0,3410000.0,0.0,3410000.0
FCN,2026-03-07,36900.0,258200.0,-221300.0,449035000.0,3126715000.0,-2677680000.0
FDC,2026-03-07,0.0,0.0,0.0,0.0,1580000.0,-1580000.0
FID,2026-03-07,0.0,0.0,0.0,0.0,0.0,0.0
FIR,2026-03-07,0.0,0.0,0.0,39686000.0,0.0,39686000.0
FIT,2026-03-07,0.0,0.0,0.0,0.0,28320.0,-28320.0
FMC,2026-03-07,17600.0,4400.0,13200.0,711685000.0,176650000.0,535035000.0
FPT,2026-03-07,2763967.0,9754225.0,-6990258.0,227988721000.0,806137203700.0,-578148482700.0
FRT,2026-03-07,290160.0,593100.0,-302940.0,43993566000.0,89931490000.0,-45937924000.0
FTS,2026-03-07,219500.0,160900.0,58600.0,6571860000.0,4853835000.0,1718025000.0
GAS,2026-03-07,583373.0,489909.0,93464.0,67358200000.0,56643581200.0,10714618800.0
GDT,2026-03-07,0.0,0.0,0.0,49375000.0,0.0,49375000.0
GDW,2026-03-07,0.0,0.0,0.0,3500000.0,0.0,3500000.0
GEE,2026-03-07,25700.0,45300.0,-19600.0,4347160000.0,7510330000.0,-3163170000.0
GEG,2026-03-07,301600.0,47200.0,254400.0,4661465000.0,729480000.0,3931985000.0
GEL,2026-03-07,24600.0,0.0,24600.0,863045000.0,0.0,863045000.0
GEX,2026-03-07,733900.0,2853100.0,-2119200.0,26611895000.0,103427450000.0,-76815555000.0
GHC,2026-03-07,4400.0,0.0,4400.0,125840000.0,0.0,125840000.0
GIC,2026-03-07,0.0,0.0,0.0,3570000.0,5950000.0,-2380000.0
GIL,2026-03-07,1000.0,45300.0,-44300.0,15240000.0,688175000.0,-672935000.0
GKM,2026-03-07,0.0,0.0,0.0,3360000.0,480000.0,2880000.0
GLT,2026-03-07,0.0,0.0,0.0,0.0,28600000.0,-28600000.0
GMA,2026-03-07,0.0,0.0,0.0,0.0,0.0,0.0
GMD,2026-03-07,838620.0,304900.0,533720.0,64861340000.0,23593420000.0,41267920000.0
GMH,2026-03-07,0.0,0.0,0.0,2364000.0,0.0,2364000.0
GMX,2026-03-07,0.0,0.0,0.0,7530000.0,0.0,7530000.0
GSP,2026-03-07,0.0,0.0,0.0,0.0,672000.0,-672000.0
GTA,2026-03-07,0.0,0.0,0.0,0.0,42920000.0,-42920000.0
GVR,2026-03-07,382100.0,513400.0,-131300.0,15037380000.0,20574530000.0,-5537150000.0
HAD,2026-03-07,0.0,0.0,0.0,1440000.0,0.0,1440000.0
HAG,2026-03-07,95500.0,107800.0,-12300.0,1480600000.0,1676845000.0,-196245000.0
HAH,2026-03-07,402200.0,441562.0,-39362.0,25648490000.0,28222980000.0,-2574490000.0
HAP,2026-03-07,0.0,7600.0,-7600.0,0.0,53582000.0,-53582000.0
HAR,2026-03-07,0.0,1700.0,-1700.0,0.0,5763000.0,-5763000.0
HAS,2026-03-07,0.0,0.0,0.0,4050000.0,16390000.0,-12340000.0
HAT,2026-03-07,0.0,0.0,0.0,0.0,3390000.0,-3390000.0
HAX,2026-03-07,1400.0,0.0,1400.0,14840000.0,0.0,14840000.0
HBS,2026-03-07,0.0,0.0,0.0,0.0,900000.0,-900000.0
HCC,2026-03-07,0.0,0.0,0.0,0.0,13200000.0,-13200000.0
HCD,2026-03-07,0.0,0.0,0.0,0.0,825000.0,-825000.0
HCM,2026-03-07,763600.0,2592000.0,-1828400.0,18097830000.0,62068445000.0,-43970615000.0
HCT,2026-03-07,0.0,0.0,0.0,0.0,0.0,0.0
HDA,2026-03-07,0.0,0.0,0.0,0.0,580000.0,-580000.0
HDB,2026-03-07,1212353.0,1397375.0,-185022.0,31471236600.0,36291081250.0,-4819844650.0
HDC,2026-03-07,151900.0,39500.0,112400.0,2819270000.0,744970000.0,2074300000.0
HDG,2026-03-07,152000.0,267200.0,-115200.0,4217810000.0,7431615000.0,-3213805000.0
HEV,2026-03-07,0.0,0.0,0.0,1250000.0,0.0,1250000.0
HGM,2026-03-07,505.0,0.0,505.0,102209500.0,0.0,102209500.0
HHC,2026-03-07,0.0,0.0,0.0,0.0,0.0,0.0
HHP,2026-03-07,2500.0,154500.0,-152000.0,33625000.0,2080325000.0,-2046700000.0
HHS,2026-03-07,115200.0,111000.0,4200.0,1244000000.0,1225670000.0,18330000.0
HHV,2026-03-07,7009.0,225400.0,-218391.0,83396650.0,2686505000.0,-2603108350.0
HID,2026-03-07,8300.0,0.0,8300.0,34359000.0,0.0,34359000.0
HII,2026-03-07,4000.0,4800.0,-800.0,20245000.0,24745000.0,-4500000.0
HJS,2026-03-07,0.0,0.0,0.0,0.0,60960000.0,-60960000.0
HKT,2026-03-07,0.0,0.0,0.0,0.0,990000.0,-990000.0
HLC,2026-03-07,0.0,400.0,-400.0,0.0,5510000.0,-5510000.0
HLD,2026-03-07,1200.0,949.0,251.0,20040000.0,16553200.0,3486800.0
HMC,2026-03-07,0.0,0.0,0.0,0.0,73450000.0,-73450000.0
HMH,2026-03-07,0.0,0.0,0.0,0.0,1950000.0,-1950000.0
HMR,2026-03-07,0.0,0.0,0.0,0.0,0.0,0.0
HNA,2026-03-07,0.0,0.0,0.0,0.0,0.0,0.0
HOM,2026-03-07,0.0,0.0,0.0,0.0,430000.0,-430000.0
HPA,2026-03-07,0.0,0.0,0.0,40950000.0,0.0,40950000.0
HPG,2026-03-07,5409202.0,6685095.0,-1275893.0,147158032900.0,181583230150.0,-34425197250.0
HPX,2026-03-07,9700.0,234400.0,-224700.0,49999000.0,1212544000.0,-1162545000.0
HQC,2026-03-07,0.0,78900.0,-78900.0,0.0,205586000.0,-205586000.0
HRC,2026-03-07,0.0,0.0,0.0,0.0,5180000.0,-5180000.0
HSG,2026-03-07,22000.0,792146.0,-770146.0,327325000.0,11710160650.0,-11382835650.0
HSL,2026-03-07,0.0,0.0,0.0,1338000.0,22673000.0,-21335000.0
HT1,2026-03-07,232400.0,64400.0,168000.0,3975760000.0,1107975000.0,2867785000.0
HTC,2026-03-07,0.0,0.0,0.0,0.0,0.0,0.0
HTG,2026-03-07,0.0,0.0,0.0,0.0,90200.0,-90200.0
HTI,2026-03-07,0.0,0.0,0.0,93845000.0,36820000.0,57025000.0
HTL,2026-03-07,500.0,0.0,500.0,11500000.0,0.0,11500000.0
HTN,2026-03-07,0.0,0.0,0.0,0.0,111723000.0,-111723000.0
HTV,2026-03-07,0.0,0.0,0.0,0.0,29610000.0,-29610000.0
HU1,2026-03-07,0.0,0.0,0.0,1742000.0,0.0,1742000.0
HUB,2026-03-07,0.0,0.0,0.0,4230000.0,0.0,4230000.0
HUT,2026-03-07,400.0,82000.0,-81600.0,6210000.0,1272480000.0,-1266270000.0
HVH,2026-03-07,0.0,0.0,0.0,87490000.0,0.0,87490000.0
HVN,2026-03-07,2800.0,59800.0,-57000.0,68515000.0,1464480000.0,-1395965000.0
HVT,2026-03-07,0.0,0.0,0.0,0.0,86100000.0,-86100000.0
ICG,2026-03-07,0.0,0.0,0.0,11460000.0,17950000.0,-6490000.0
ICT,2026-03-07,0.0,100.0,-100.0,0.0,1800000.0,-1800000.0
IDC,2026-03-07,746730.0,38900.0,707830.0,32735190200.0,1711440000.0,31023750200.0
IDI,2026-03-07,0.0,35100.0,-35100.0,0.0,244060000.0,-244060000.0
IDJ,2026-03-07,0.0,0.0,0.0,0.0,80000.0,-80000.0
IDV,2026-03-07,0.0,0.0,0.0,5200000.0,19600000.0,-14400000.0
IJC,2026-03-07,55800.0,15900.0,39900.0,563720000.0,161385000.0,402335000.0
ILB,2026-03-07,0.0,100.0,-100.0,0.0,2275000.0,-2275000.0
IMP,2026-03-07,0.0,300.0,-300.0,0.0,16290000.0,-16290000.0
INC,2026-03-07,0.0,0.0,0.0,0.0,1290000.0,-1290000.0
INN,2026-03-07,0.0,0.0,0.0,12000000.0,0.0,12000000.0
IPA,2026-03-07,0.0,0.0,0.0,0.0,15930000.0,-15930000.0
ITC,2026-03-07,0.0,0.0,0.0,0.0,783150.0,-783150.0
ITD,2026-03-07,0.0,0.0,0.0,0.0,22960000.0,-22960000.0
ITQ,2026-03-07,0.0,0.0,0.0,0.0,0.0,0.0
IVS,2026-03-07,52600.0,0.0,52600.0,410080000.0,0.0,410080000.0
JVC,2026-03-07,200.0,30200.0,-30000.0,1002000.0,150740000.0,-149738000.0
KBC,2026-03-07,148702.0,249200.0,-100498.0,4792755400.0,8041305000.0,-3248549600.0
KDC,2026-03-07,17000.0,18700.0,-1700.0,852990000.0,937455000.0,-84465000.0
KDH,2026-03-07,132800.0,2234700.0,-2101900.0,3448480000.0,58072455000.0,-54623975000.0
KDM,2026-03-07,0.0,0.0,0.0,0.0,0.0,0.0
KHG,2026-03-07,371100.0,358500.0,12600.0,2167982000.0,2111011000.0,56971000.0
KHP,2026-03-07,0.0,0.0,0.0,0.0,1200000.0,-1200000.0
KHS,2026-03-07,0.0,0.0,0.0,0.0,1660000.0,-1660000.0
KKC,2026-03-07,0.0,0.0,0.0,2560000.0,1200000.0,1360000.0
KLB,2026-03-07,35300.0,1400.0,33900.0,499305000.0,19600000.0,479705000.0
KMR,2026-03-07,0.0,0.0,0.0,564000.0,0.0,564000.0
KMT,2026-03-07,0.0,0.0,0.0,0.0,0.0,0.0
KOS,2026-03-07,0.0,4700.0,-4700.0,0.0,170745000.0,-170745000.0
KSB,2026-03-07,10300.0,163000.0,-152700.0,173755000.0,2745070000.0,-2571315000.0
KSD,2026-03-07,0.0,0.0,0.0,0.0,960000.0,-960000.0
KSF,2026-03-07,3.0,0.0,3.0,234000.0,0.0,234000.0
KST,2026-03-07,0.0,0.0,0.0,0.0,4590000.0,-4590000.0
KSV,2026-03-07,0.0,0.0,0.0,0.0,0.0,0.0
KTS,2026-03-07,0.0,0.0,0.0,0.0,1794500.0,-1794500.0
L10,2026-03-07,0.0,0.0,0.0,26000000.0,0.0,26000000.0
L14,2026-03-07,0.0,0.0,0.0,0.0,195490000.0,-195490000.0
L18,2026-03-07,0.0,0.0,0.0,0.0,0.0,0.0
L40,2026-03-07,0.0,0.0,0.0,0.0,70800000.0,-70800000.0
LAF,2026-03-07,0.0,0.0,0.0,0.0,5850000.0,-5850000.0
LAS,2026-03-07,64300.0,17200.0,47100.0,1228860000.0,332760000.0,896100000.0
LBE,2026-03-07,0.0,0.0,0.0,15500000.0,0.0,15500000.0
LBM,2026-03-07,500.0,0.0,500.0,16550000.0,0.0,16550000.0
LCD,2026-03-07,0.0,0.0,0.0,0.0,0.0,0.0
LCG,2026-03-07,1700.0,346800.0,-345100.0,16905000.0,3442965000.0,-3426060000.0
LDG,2026-03-07,200.0,0.0,200.0,700000.0,0.0,700000.0
LDP,2026-03-07,0.0,0.0,0.0,0.0,448000.0,-448000.0
LGC,2026-03-07,0.0,0.0,0.0,0.0,16500000.0,-16500000.0
LGL,2026-03-07,0.0,0.0,0.0,33013000.0,0.0,33013000.0
LHC,2026-03-07,0.0,0.0,0.0,113550000.0,10590000.0,102960000.0
LHG,2026-03-07,0.0,800.0,-800.0,0.0,23155000.0,-23155000.0
LIG,2026-03-07,0.0,0.0,0.0,0.0,0.0,0.0
LIX,2026-03-07,0.0,0.0,0.0,0.0,15080000.0,-15080000.0
LM8,2026-03-07,0.0,0.0,0.0,0.0,4940000.0,-4940000.0
LPB,2026-03-07,127400.0,103200.0,24200.0,5404950000.0,4373700000.0,1031250000.0
LSS,2026-03-07,0.0,0.0,0.0,0.0,42750000.0,-42750000.0
MAC,2026-03-07,0.0,0.0,0.0,1250000.0,0.0,1250000.0
MAS,2026-03-07,0.0,0.0,0.0,1333800.0,0.0,1333800.0
MBB,2026-03-07,8905879.0,7846600.0,1059279.0,244744251700.0,215921527900.0,28822723800.0
MBG,2026-03-07,0.0,10300.0,-10300.0,0.0,30900000.0,-30900000.0
MBS,2026-03-07,139900.0,805500.0,-665600.0,3886860000.0,22385400000.0,-18498540000.0
MCC,2026-03-07,0.0,0.0,0.0,0.0,0.0,0.0
MCF,2026-03-07,0.0,0.0,0.0,0.0,1500000.0,-1500000.0
MCH,2026-03-07,1505.0,52100.0,-50595.0,218835000.0,7489190000.0,-7270355000.0
MCM,2026-03-07,0.0,300.0,-300.0,0.0,7965000.0,-7965000.0
MCO,2026-03-07,0.0,0.0,0.0,0.0,9360000.0,-9360000.0
MCP,2026-03-07,0.0,0.0,0.0,0.0,2840000.0,-2840000.0
MDC,2026-03-07,0.0,0.0,0.0,19800000.0,0.0,19800000.0
MDG,2026-03-07,0.0,0.0,0.0,0.0,4230000.0,-4230000.0
MED,2026-03-07,0.0,0.0,0.0,0.0,0.0,0.0
MEL,2026-03-07,0.0,0.0,0.0,19860000.0,0.0,19860000.0
MHC,2026-03-07,0.0,5300.0,-5300.0,0.0,54755000.0,-54755000.0
MIC,2026-03-07,0.0,0.0,0.0,2500000.0,0.0,2500000.0
MIG,2026-03-07,0.0,27500.0,-27500.0,0.0,489785000.0,-489785000.0
MKV,2026-03-07,0.0,0.0,0.0,9440000.0,0.0,9440000.0
MSB,2026-03-07,60.0,77156.0,-77096.0,693000.0,891174600.0,-890481600.0
MSH,2026-03-07,156700.0,333100.0,-176400.0,5715485000.0,12204000000.0,-6488515000.0
MSN,2026-03-07,414910.0,660400.0,-245490.0,30620336600.0,48978699000.0,-18358362400.0
MST,2026-03-07,0.0,83900.0,-83900.0,0.0,607300000.0,-607300000.0
MVB,2026-03-07,0.0,0.0,0.0,0.0,9020000.0,-9020000.0
MWG,2026-03-07,3493181.0,2457700.0,1035481.0,291055795700.0,204172120000.0,86883675700.0
NAB,2026-03-07,108400.0,94200.0,14200.0,1484665000.0,1288480000.0,196185000.0
NAF,2026-03-07,88500.0,37100.0,51400.0,3881630000.0,1631005000.0,2250625000.0
NAG,2026-03-07,0.0,0.0,0.0,0.0,466100.0,-466100.0
NAP,2026-03-07,0.0,0.0,0.0,0.0,0.0,0.0
NAV,2026-03-07,0.0,0.0,0.0,0.0,14400000.0,-14400000.0
NBB,2026-03-07,0.0,0.0,0.0,3400000.0,34000000.0,-30600000.0
NBC,2026-03-07,0.0,0.0,0.0,0.0,11000000.0,-11000000.0
NBP,2026-03-07,800.0,0.0,800.0,6400000.0,0.0,6400000.0
NBW,2026-03-07,0.0,0.0,0.0,0.0,3500000.0,-3500000.0
NCT,2026-03-07,1700.0,5100.0,-3400.0,162860000.0,488230000.0,-325370000.0
NDN,2026-03-07,0.0,0.0,0.0,21600000.0,0.0,21600000.0
NDX,2026-03-07,0.0,0.0,0.0,0.0,57050000.0,-57050000.0
NET,2026-03-07,0.0,0.0,0.0,6770000.0,0.0,6770000.0
NFC,2026-03-07,0.0,0.0,0.0,0.0,13760000.0,-13760000.0
NHA,2026-03-07,0.0,700.0,-700.0,0.0,9170000.0,-9170000.0
NHC,2026-03-07,200.0,0.0,200.0,4900000.0,0.0,4900000.0
NHH,2026-03-07,0.0,0.0,0.0,0.0,17440000.0,-17440000.0
NHT,2026-03-07,0.0,0.0,0.0,7280000.0,0.0,7280000.0
NKG,2026-03-07,153320.0,916900.0,-763580.0,2221355000.0,13362985000.0,-11141630000.0
NLG,2026-03-07,1473800.0,2146192.0,-672392.0,38407635000.0,55703492200.0,-17295857200.0
NNC,2026-03-07,500.0,12900.0,-12400.0,26600000.0,681000000.0,-654400000.0
NO1,2026-03-07,0.0,0.0,0.0,1182000.0,0.0,1182000.0
NRC,2026-03-07,0.0,0.0,0.0,0.0,203170000.0,-203170000.0
NSC,2026-03-07,0.0,0.0,0.0,22090000.0,898960000.0,-876870000.0
NSH,2026-03-07,0.0,2000.0,-2000.0,0.0,9800000.0,-9800000.0
NST,2026-03-07,0.0,0.0,0.0,0.0,12980000.0,-12980000.0
NT2,2026-03-07,177000.0,189200.0,-12200.0,4905055000.0,5230565000.0,-325510000.0
NTC,2026-03-07,0.0,0.0,0.0,0.0,0.0,0.0
NTH,2026-03-07,200.0,0.0,200.0,11600000.0,0.0,11600000.0
NTL,2026-03-07,20000.0,70900.0,-50900.0,325000000.0,1170750000.0,-845750000.0
NTP,2026-03-07,0.0,26300.0,-26300.0,0.0,1639720000.0,-1639720000.0
NVB,2026-03-07,0.0,0.0,0.0,0.0,333460000.0,-333460000.0
NVL,2026-03-07,323900.0,2636100.0,-2312200.0,3643360000.0,29529100000.0,-25885740000.0
NVT,2026-03-07,0.0,0.0,0.0,0.0,749000.0,-749000.0
OCB,2026-03-07,1800.0,49000.0,-47200.0,20040000.0,545080000.0,-525040000.0
OCH,2026-03-07,0.0,0.0,0.0,7540000.0,0.0,7540000.0
OGC,2026-03-07,1000.0,10700.0,-9700.0,3200000.0,34734000.0,-31534000.0
ONE,2026-03-07,0.0,0.0,0.0,980000.0,0.0,980000.0
OPC,2026-03-07,0.0,0.0,0.0,0.0,28795000.0,-28795000.0
ORS,2026-03-07,381300.0,439000.0,-57700.0,5587175000.0,6459490000.0,-872315000.0
PAC,2026-03-07,27300.0,84100.0,-56800.0,652585000.0,2029005000.0,-1376420000.0
PAN,2026-03-07,106100.0,15400.0,90700.0,3510795000.0,509315000.0,3001480000.0
PBP,2026-03-07,0.0,0.0,0.0,10160000.0,0.0,10160000.0
PC1,2026-03-07,1454000.0,1307300.0,146700.0,41522180000.0,37832795000.0,3689385000.0
PCE,2026-03-07,0.0,0.0,0.0,3900000.0,0.0,3900000.0
PCH,2026-03-07,0.0,0.0,0.0,0.0,0.0,0.0
PCT,2026-03-07,0.0,0.0,0.0,0.0,0.0,0.0
PDB,2026-03-07,0.0,0.0,0.0,10500000.0,0.0,10500000.0
PDN,2026-03-07,0.0,0.0,0.0,0.0,3334100.0,-3334100.0
PDR,2026-03-07,524020.0,647600.0,-123580.0,8113584200.0,10002909200.0,-1889325000.0
PDV,2026-03-07,1600.0,0.0,1600.0,17600000.0,0.0,17600000.0
PEN,2026-03-07,0.0,0.0,0.0,0.0,980000.0,-980000.0
PET,2026-03-07,0.0,0.0,0.0,0.0,830000.0,-830000.0
PGC,2026-03-07,1000.0,5400.0,-4400.0,15500000.0,85170000.0,-69670000.0
PGD,2026-03-07,0.0,300.0,-300.0,0.0,7600000.0,-7600000.0
PGI,2026-03-07,0.0,0.0,0.0,3920000.0,13720000.0,-9800000.0
PGN,2026-03-07,0.0,0.0,0.0,0.0,640000.0,-640000.0
PGS,2026-03-07,0.0,0.0,0.0,0.0,388800.0,-388800.0
PGT,2026-03-07,0.0,0.0,0.0,0.0,1980000.0,-1980000.0
PGV,2026-03-07,0.0,0.0,0.0,199800000.0,13525000.0,186275000.0
PHC,2026-03-07,0.0,0.0,0.0,0.0,2892000.0,-2892000.0
PHN,2026-03-07,0.0,0.0,0.0,0.0,21049600.0,-21049600.0
PHR,2026-03-07,64100.0,62700.0,1400.0,3975070000.0,3904870000.0,70200000.0
PIA,2026-03-07,0.0,0.0,0.0,0.0,0.0,0.0
PIC,2026-03-07,0.0,0.0,0.0,0.0,0.0,0.0
PIT,2026-03-07,0.0,0.0,0.0,0.0,12140.0,-12140.0
PJC,2026-03-07,0.0,0.0,0.0,0.0,3180000.0,-3180000.0
PJT,2026-03-07,0.0,0.0,0.0,0.0,9300.0,-9300.0
PLC,2026-03-07,30800.0,91300.0,-60500.0,963700000.0,2901280000.0,-1937580000.0
PLP,2026-03-07,0.0,300.0,-300.0,0.0,1641000.0,-1641000.0
PLX,2026-03-07,542944.0,1697420.0,-1154476.0,34193042800.0,107319244000.0,-73126201200.0
PMB,2026-03-07,0.0,0.0,0.0,0.0,4950000.0,-4950000.0
PMC,2026-03-07,0.0,0.0,0.0,0.0,28700000.0,-28700000.0
PMG,2026-03-07,0.0,0.0,0.0,900000.0,5580000.0,-4680000.0
PMP,2026-03-07,0.0,0.0,0.0,0.0,3830000.0,-3830000.0
PMS,2026-03-07,0.0,0.0,0.0,0.0,115218000.0,-115218000.0
PNC,2026-03-07,0.0,0.0,0.0,0.0,10380000.0,-10380000.0
PNJ,2026-03-07,708413.0,312400.0,396013.0,80685671600.0,35168110000.0,45517561600.0
POT,2026-03-07,0.0,0.0,0.0,7920000.0,0.0,7920000.0
POW,2026-03-07,1948400.0,3787431.0,-1839031.0,28912310000.0,57080322550.0,-28168012550.0
PPC,2026-03-07,14600.0,18800.0,-4200.0,150365000.0,192220000.0,-41855000.0
PPE,2026-03-07,0.0,0.0,0.0,0.0,5700000.0,-5700000.0
PPP,2026-03-07,0.0,0.0,0.0,5580000.0,0.0,5580000.0
PPS,2026-03-07,0.0,0.0,0.0,0.0,20140000.0,-20140000.0
PPT,2026-03-07,0.0,0.0,0.0,0.0,0.0,0.0
PPY,2026-03-07,0.0,0.0,0.0,0.0,0.0,0.0
PRC,2026-03-07,0.0,0.0,0.0,0.0,620000.0,-620000.0
PRE,2026-03-07,0.0,0.0,0.0,2300000.0,0.0,2300000.0
PSC,2026-03-07,0.0,0.0,0.0,0.0,6300000.0,-6300000.0
PSD,2026-03-07,0.0,0.0,0.0,0.0,1380000.0,-1380000.0
PSE,2026-03-07,0.0,0.0,0.0,3270000.0,0.0,3270000.0
PSI,2026-03-07,0.0,0.0,0.0,0.0,129360000.0,-129360000.0
PSW,2026-03-07,0.0,30.0,-30.0,0.0,249000.0,-249000.0
PTB,2026-03-07,71100.0,41200.0,29900.0,3683125000.0,2136705000.0,1546420000.0
PTC,2026-03-07,0.0,0.0,0.0,1522000.0,0.0,1522000.0
PTD,2026-03-07,0.0,0.0,0.0,0.0,15600000.0,-15600000.0
PTI,2026-03-07,0.0,0.0,0.0,0.0,78300000.0,-78300000.0
PTL,2026-03-07,0.0,0.0,0.0,0.0,1850000.0,-1850000.0
PTS,2026-03-07,0.0,0.0,0.0,0.0,17460000.0,-17460000.0
PTX,2026-03-07,0.0,0.0,0.0,0.0,0.0,0.0
PV2,2026-03-07,0.0,0.0,0.0,19240000.0,0.0,19240000.0
PVB,2026-03-07,7100.0,32700.0,-25600.0,264590000.0,1219190000.0,-954600000.0
PVC,2026-03-07,0.0,0.0,0.0,0.0,850000.0,-850000.0
PVD,2026-03-07,2091500.0,1612900.0,478600.0,88978075000.0,68111890000.0,20866185000.0
PVG,2026-03-07,30100.0,11300.0,18800.0,241300000.0,95660000.0,145640000.0
PVI,2026-03-07,100.0,3000.0,-2900.0,8290000.0,249490000.0,-241200000.0
PVP,2026-03-07,33300.0,63700.0,-30400.0,590800000.0,1137825000.0,-547025000.0
PVS,2026-03-07,1607800.0,2947303.0,-1339503.0,83030280000.0,152371996900.0,-69341716900.0
PVT,2026-03-07,4557200.0,2489638.0,2067562.0,137251190000.0,75614119900.0,61637070100.0
QCG,2026-03-07,1900.0,31000.0,-29100.0,25460000.0,420730000.0,-395270000.0
QHD,2026-03-07,0.0,0.0,0.0,0.0,55000000.0,-55000000.0
QNP,2026-03-07,0.0,0.0,0.0,0.0,0.0,0.0
QST,2026-03-07,0.0,0.0,0.0,0.0,0.0,0.0
QTC,2026-03-07,0.0,0.0,0.0,0.0,71060000.0,-71060000.0
RAL,2026-03-07,0.0,0.0,0.0,35520000.0,0.0,35520000.0
RCL,2026-03-07,0.0,0.0,0.0,6270000.0,0.0,6270000.0
REE,2026-03-07,4640.0,0.0,4640.0,296484000.0,0.0,296484000.0
RYG,2026-03-07,25600.0,12100.0,13500.0,281775000.0,133100000.0,148675000.0
S4A,2026-03-07,0.0,0.0,0.0,0.0,0.0,0.0
S55,2026-03-07,0.0,0.0,0.0,53610000.0,0.0,53610000.0
S99,2026-03-07,0.0,0.0,0.0,0.0,536800.0,-536800.0
SAB,2026-03-07,67763.0,40500.0,27263.0,3101983500.0,1856515000.0,1245468500.0
SAF,2026-03-07,0.0,0.0,0.0,0.0,889100.0,-889100.0
SAM,2026-03-07,0.0,0.0,0.0,0.0,39157610.0,-39157610.0
SAV,2026-03-07,0.0,0.0,0.0,0.0,397500.0,-397500.0
SBA,2026-03-07,0.0,0.0,0.0,0.0,14400000.0,-14400000.0
SBG,2026-03-07,100.0,3900.0,-3800.0,1200000.0,48000000.0,-46800000.0
SBT,2026-03-07,0.0,63900.0,-63900.0,0.0,1488830000.0,-1488830000.0
SBV,2026-03-07,0.0,0.0,0.0,3180000.0,0.0,3180000.0
SC5,2026-03-07,0.0,0.0,0.0,0.0,105350.0,-105350.0
SCG,2026-03-07,0.0,0.0,0.0,78240000.0,0.0,78240000.0
SCI,2026-03-07,0.0,0.0,0.0,0.0,10038600.0,-10038600.0
SCR,2026-03-07,229000.0,84400.0,144600.0,1368038000.0,504731000.0,863307000.0
SCS,2026-03-07,19700.0,36820.0,-17120.0,1099090000.0,2060140000.0,-961050000.0
SD5,2026-03-07,0.0,0.0,0.0,0.0,76000000.0,-76000000.0
SD9,2026-03-07,0.0,0.0,0.0,2180000.0,0.0,2180000.0
SDA,2026-03-07,0.0,0.0,0.0,0.0,0.0,0.0
SDC,2026-03-07,0.0,0.0,0.0,0.0,71000.0,-71000.0
SDG,2026-03-07,0.0,0.0,0.0,2200000.0,0.0,2200000.0
SDN,2026-03-07,0.0,0.0,0.0,2200000.0,0.0,2200000.0
SDU,2026-03-07,0.0,0.0,0.0,0.0,1710000.0,-1710000.0
SEB,2026-03-07,0.0,0.0,0.0,0.0,170510000.0,-170510000.0
SED,2026-03-07,0.0,0.0,0.0,0.0,15680000.0,-15680000.0
SFC,2026-03-07,0.0,0.0,0.0,0.0,80032000.0,-80032000.0
SFG,2026-03-07,0.0,0.0,0.0,0.0,254100000.0,-254100000.0
SFI,2026-03-07,0.0,0.0,0.0,14210000.0,0.0,14210000.0
SFN,2026-03-07,0.0,0.0,0.0,0.0,2160000.0,-2160000.0
SGC,2026-03-07,0.0,0.0,0.0,15600000.0,0.0,15600000.0
SGD,2026-03-07,0.0,0.0,0.0,0.0,9600000.0,-9600000.0
SGH,2026-03-07,0.0,0.0,0.0,0.0,21780000.0,-21780000.0
SGN,2026-03-07,6400.0,0.0,6400.0,366340000.0,0.0,366340000.0
SGR,2026-03-07,0.0,0.0,0.0,0.0,148810000.0,-148810000.0
SGT,2026-03-07,0.0,0.0,0.0,0.0,3160000.0,-3160000.0
SHA,2026-03-07,0.0,0.0,0.0,0.0,131950.0,-131950.0
SHB,2026-03-07,740700.0,410900.0,329800.0,11432770000.0,6291640000.0,5141130000.0
SHE,2026-03-07,600.0,0.0,600.0,3960000.0,0.0,3960000.0
SHI,2026-03-07,0.0,18100.0,-18100.0,0.0,250900000.0,-250900000.0
SHN,2026-03-07,0.0,500.0,-500.0,0.0,1750000.0,-1750000.0
SHP,2026-03-07,0.0,0.0,0.0,0.0,0.0,0.0
SHS,2026-03-07,190800.0,1452500.0,-1261700.0,3645190000.0,27525720000.0,-23880530000.0
SIP,2026-03-07,38700.0,60866.0,-22166.0,2264030000.0,3580232300.0,-1316202300.0
SJ1,2026-03-07,0.0,0.0,0.0,0.0,0.0,0.0
SJD,2026-03-07,9100.0,0.0,9100.0,127400000.0,0.0,127400000.0
SJE,2026-03-07,0.0,0.0,0.0,0.0,10211400.0,-10211400.0
SJS,2026-03-07,100.0,100.0,0.0,5010000.0,5100000.0,-90000.0
SKG,2026-03-07,0.0,5600.0,-5600.0,0.0,55492000.0,-55492000.0
SLS,2026-03-07,0.0,0.0,0.0,31860000.0,80050000.0,-48190000.0
SMA,2026-03-07,0.0,0.0,0.0,14400000.0,25600000.0,-11200000.0
SMB,2026-03-07,1600.0,2400.0,-800.0,62480000.0,93630000.0,-31150000.0
SMC,2026-03-07,0.0,100.0,-100.0,0.0,1150000.0,-1150000.0
SMN,2026-03-07,0.0,0.0,0.0,0.0,44440000.0,-44440000.0
SMT,2026-03-07,0.0,0.0,0.0,0.0,0.0,0.0
SPC,2026-03-07,0.0,0.0,0.0,0.0,0.0,0.0
SPM,2026-03-07,0.0,0.0,0.0,0.0,21560000.0,-21560000.0
SRA,2026-03-07,0.0,0.0,0.0,0.0,1100000.0,-1100000.0
SRC,2026-03-07,0.0,0.0,0.0,0.0,4855000.0,-4855000.0
SRF,2026-03-07,0.0,0.0,0.0,0.0,810000.0,-810000.0
SSB,2026-03-07,207400.0,40500.0,166900.0,3475005000.0,683315000.0,2791690000.0
SSC,2026-03-07,0.0,0.0,0.0,0.0,6400000.0,-6400000.0
SSI,2026-03-07,529050.0,6227350.0,-5698300.0,17077065300.0,203834510300.0,-186757445000.0
SSM,2026-03-07,0.0,0.0,0.0,0.0,260000.0,-260000.0
ST8,2026-03-07,0.0,0.0,0.0,0.0,23340000.0,-23340000.0
STB,2026-03-07,1497800.0,1979900.0,-482100.0,95836430000.0,127420610000.0,-31584180000.0
STC,2026-03-07,0.0,0.0,0.0,0.0,17000000.0,-17000000.0
STG,2026-03-07,0.0,0.0,0.0,0.0,11850000.0,-11850000.0
STK,2026-03-07,0.0,0.0,0.0,4530000.0,0.0,4530000.0
STP,2026-03-07,0.0,0.0,0.0,0.0,29970000.0,-29970000.0
SVC,2026-03-07,600.0,0.0,600.0,11760000.0,0.0,11760000.0
SVD,2026-03-07,0.0,0.0,0.0,0.0,1713000.0,-1713000.0
SVN,2026-03-07,0.0,0.0,0.0,306000.0,0.0,306000.0
SVT,2026-03-07,0.0,0.0,0.0,0.0,2260000.0,-2260000.0
SZB,2026-03-07,0.0,0.0,0.0,0.0,0.0,0.0
SZC,2026-03-07,101300.0,19800.0,81500.0,3148105000.0,622140000.0,2525965000.0
SZL,2026-03-07,0.0,0.0,0.0,0.0,452115000.0,-452115000.0
TA9,2026-03-07,0.0,0.0,0.0,0.0,0.0,0.0
TAL,2026-03-07,0.0,46800.0,-46800.0,0.0,1979635000.0,-1979635000.0
TBC,2026-03-07,0.0,0.0,0.0,54000000.0,0.0,54000000.0
TCB,2026-03-07,185000.0,341400.0,-156400.0,6373250000.0,11318735000.0,-4945485000.0
TCD,2026-03-07,0.0,0.0,0.0,43400000.0,4094000.0,39306000.0
TCH,2026-03-07,516400.0,1091400.0,-575000.0,7164370000.0,15160055000.0,-7995685000.0
TCI,2026-03-07,0.0,0.0,0.0,0.0,77557000.0,-77557000.0
TCL,2026-03-07,1000.0,301.0,699.0,34650000.0,10459950.0,24190050.0
TCM,2026-03-07,700.0,26300.0,-25600.0,17955000.0,675625000.0,-657670000.0
TCO,2026-03-07,0.0,0.0,0.0,0.0,824000.0,-824000.0
TCR,2026-03-07,0.0,0.0,0.0,0.0,538000.0,-538000.0
TCT,2026-03-07,0.0,0.0,0.0,0.0,1920000.0,-1920000.0
TCX,2026-03-07,455096.0,1228600.0,-773504.0,25652868800.0,69347246000.0,-43694377200.0
TD6,2026-03-07,0.0,0.0,0.0,0.0,0.0,0.0
TDC,2026-03-07,5400.0,2600.0,2800.0,59960000.0,28940000.0,31020000.0
TDG,2026-03-07,0.0,0.0,0.0,0.0,8220.0,-8220.0
TDH,2026-03-07,0.0,10200.0,-10200.0,0.0,38148000.0,-38148000.0
TDM,2026-03-07,0.0,0.0,0.0,0.0,23200000.0,-23200000.0
TDP,2026-03-07,11500.0,18100.0,-6600.0,333940000.0,524975000.0,-191035000.0
TDT,2026-03-07,0.0,0.0,0.0,0.0,30550000.0,-30550000.0
TDW,2026-03-07,0.0,0.0,0.0,0.0,42850000.0,-42850000.0
TEG,2026-03-07,0.0,0.0,0.0,0.0,5589000.0,-5589000.0
TET,2026-03-07,0.0,0.0,0.0,0.0,0.0,0.0
TFC,2026-03-07,0.0,500.0,-500.0,0.0,20900000.0,-20900000.0
THB,2026-03-07,0.0,0.0,0.0,0.0,32200000.0,-32200000.0
THD,2026-03-07,0.0,100.0,-100.0,0.0,3040000.0,-3040000.0
THG,2026-03-07,0.0,1400.0,-1400.0,0.0,62655000.0,-62655000.0
THS,2026-03-07,0.0,0.0,0.0,0.0,0.0,0.0
THT,2026-03-07,300.0,0.0,300.0,2910000.0,0.0,2910000.0
TIG,2026-03-07,100.0,7900.0,-7800.0,760000.0,60830000.0,-60070000.0
TIP,2026-03-07,0.0,1900.0,-1900.0,0.0,35640000.0,-35640000.0
TIX,2026-03-07,0.0,0.0,0.0,0.0,21500000.0,-21500000.0
TJC,2026-03-07,0.0,0.0,0.0,0.0,15000000.0,-15000000.0
TKU,2026-03-07,0.0,900.0,-900.0,0.0,12330000.0,-12330000.0
TLD,2026-03-07,0.0,0.0,0.0,56279000.0,95794000.0,-39515000.0
TLG,2026-03-07,50900.0,20200.0,30700.0,2737760000.0,1084870000.0,1652890000.0
TLH,2026-03-07,0.0,0.0,0.0,28620000.0,39711000.0,-11091000.0
TMB,2026-03-07,0.0,0.0,0.0,0.0,0.0,0.0
TMC,2026-03-07,0.0,0.0,0.0,0.0,0.0,0.0
TMP,2026-03-07,0.0,0.0,0.0,63800000.0,0.0,63800000.0
TMS,2026-03-07,0.0,0.0,0.0,0.0,406200.0,-406200.0
TMT,2026-03-07,0.0,0.0,0.0,5660000.0,0.0,5660000.0
TMX,2026-03-07,0.0,0.0,0.0,0.0,9850000.0,-9850000.0
TN1,2026-03-07,0.0,0.0,0.0,0.0,4890000.0,-4890000.0
TNC,2026-03-07,0.0,0.0,0.0,0.0,8870000.0,-8870000.0
TNG,2026-03-07,411300.0,99400.0,311900.0,10067230000.0,2447820000.0,7619410000.0
TNH,2026-03-07,100.0,846.0,-746.0,1145000.0,9724500.0,-8579500.0
TNI,2026-03-07,0.0,0.0,0.0,0.0,1010000.0,-1010000.0
TNT,2026-03-07,2000.0,100.0,1900.0,20550000.0,1075000.0,19475000.0
TOT,2026-03-07,100.0,0.0,100.0,1550000.0,0.0,1550000.0
TPB,2026-03-07,368435.0,3699995.0,-3331560.0,6242698500.0,62931853000.0,-56689154500.0
TPC,2026-03-07,0.0,0.0,0.0,1370000.0,0.0,1370000.0
TPP,2026-03-07,0.0,0.0,0.0,2100000.0,0.0,2100000.0
TRA,2026-03-07,0.0,0.0,0.0,71000000.0,0.0,71000000.0
TRC,2026-03-07,2200.0,5900.0,-3700.0,167100000.0,451130000.0,-284030000.0
TSA,2026-03-07,0.0,0.0,0.0,0.0,3120000.0,-3120000.0
TSB,2026-03-07,200.0,0.0,200.0,4920000.0,0.0,4920000.0
TSC,2026-03-07,0.0,0.0,0.0,0.0,188760.0,-188760.0
TTA,2026-03-07,0.0,0.0,0.0,0.0,15285000.0,-15285000.0
TTC,2026-03-07,0.0,0.0,0.0,1050000.0,0.0,1050000.0
TTE,2026-03-07,0.0,0.0,0.0,0.0,0.0,0.0
TTF,2026-03-07,2000.0,25000.0,-23000.0,5580000.0,69896000.0,-64316000.0
TTH,2026-03-07,0.0,0.0,0.0,240000.0,0.0,240000.0
TTL,2026-03-07,0.0,0.0,0.0,0.0,3360000.0,-3360000.0
TTT,2026-03-07,0.0,0.0,0.0,0.0,476000000.0,-476000000.0
TV2,2026-03-07,11600.0,82200.0,-70600.0,441830000.0,3144570000.0,-2702740000.0
TV3,2026-03-07,0.0,0.0,0.0,0.0,1650000.0,-1650000.0
TV4,2026-03-07,0.0,0.0,0.0,0.0,1305000.0,-1305000.0
TVB,2026-03-07,100.0,1000.0,-900.0,790000.0,7950000.0,-7160000.0
TVC,2026-03-07,0.0,0.0,0.0,0.0,12000000.0,-12000000.0
TVD,2026-03-07,0.0,200.0,-200.0,0.0,2380000.0,-2380000.0
TVS,2026-03-07,0.0,18406.0,-18406.0,0.0,267572300.0,-267572300.0
TVT,2026-03-07,0.0,0.0,0.0,0.0,0.0,0.0
TXM,2026-03-07,0.0,0.0,0.0,5000000.0,0.0,5000000.0
TYA,2026-03-07,0.0,1300.0,-1300.0,0.0,23780000.0,-23780000.0
UIC,2026-03-07,0.0,900.0,-900.0,0.0,54450000.0,-54450000.0
UNI,2026-03-07,0.0,0.0,0.0,0.0,0.0,0.0
V12,2026-03-07,0.0,0.0,0.0,0.0,5600000.0,-5600000.0
V21,2026-03-07,0.0,0.0,0.0,0.0,0.0,0.0
VAB,2026-03-07,0.0,0.0,0.0,0.0,70720000.0,-70720000.0
VAF,2026-03-07,200.0,0.0,200.0,4000000.0,0.0,4000000.0
VBC,2026-03-07,0.0,0.0,0.0,0.0,8400000.0,-8400000.0
VC1,2026-03-07,0.0,0.0,0.0,0.0,0.0,0.0
VC2,2026-03-07,0.0,6800.0,-6800.0,0.0,34000000.0,-34000000.0
VC3,2026-03-07,9100.0,23500.0,-14400.0,243880000.0,632040000.0,-388160000.0
VC6,2026-03-07,0.0,0.0,0.0,10300000.0,0.0,10300000.0
VC7,2026-03-07,1500.0,0.0,1500.0,12450000.0,0.0,12450000.0
VC9,2026-03-07,0.0,0.0,0.0,7600000.0,0.0,7600000.0
VCA,2026-03-07,0.0,0.0,0.0,0.0,4100000.0,-4100000.0
VCB,2026-03-07,907927.0,1181673.0,-273746.0,56444076200.0,73599881000.0,-17155804800.0
VCC,2026-03-07,0.0,0.0,0.0,0.0,0.0,0.0
VCF,2026-03-07,0.0,200.0,-200.0,0.0,63400000.0,-63400000.0
VCG,2026-03-07,876900.0,1696000.0,-819100.0,17581610000.0,33937025000.0,-16355415000.0
VCI,2026-03-07,2078560.0,508400.0,1570160.0,79906534000.0,20228245000.0,59678289000.0
VCK,2026-03-07,135210.0,371700.0,-236490.0,6777375000.0,18548580000.0,-11771205000.0
VCM,2026-03-07,0.0,0.0,0.0,0.0,0.0,0.0
VCS,2026-03-07,100.0,0.0,100.0,4300000.0,0.0,4300000.0
VDL,2026-03-07,0.0,0.0,0.0,980000.0,0.0,980000.0
VDP,2026-03-07,0.0,0.0,0.0,0.0,9980000.0,-9980000.0
VDS,2026-03-07,47000.0,76700.0,-29700.0,831745000.0,1363185000.0,-531440000.0
VE1,2026-03-07,0.0,0.0,0.0,21600.0,0.0,21600.0
VE3,2026-03-07,0.0,0.0,0.0,0.0,0.0,0.0
VE4,2026-03-07,0.0,0.0,0.0,0.0,0.0,0.0
VFG,2026-03-07,0.0,0.0,0.0,0.0,5330000.0,-5330000.0
VFS,2026-03-07,51300.0,170000.0,-118700.0,767270000.0,2560800000.0,-1793530000.0
VGC,2026-03-07,127800.0,52500.0,75300.0,5976770000.0,2466145000.0,3510625000.0
VGP,2026-03-07,0.0,0.0,0.0,0.0,28000.0,-28000.0
VGS,2026-03-07,3100.0,93800.0,-90700.0,80500000.0,2429280000.0,-2348780000.0
VHC,2026-03-07,550200.0,236600.0,313600.0,32825490000.0,13994460000.0,18831030000.0
VHE,2026-03-07,0.0,0.0,0.0,0.0,0.0,0.0
VHL,2026-03-07,0.0,0.0,0.0,1030000.0,0.0,1030000.0
VHM,2026-03-07,1665524.0,2959300.0,-1293776.0,158862774900.0,281025730000.0,-122162955100.0
VIB,2026-03-07,302500.0,32700.0,269800.0,5087195000.0,548385000.0,4538810000.0
VIC,2026-03-07,608717.0,1683376.0,-1074659.0,98605748800.0,269850153200.0,-171244404400.0
VID,2026-03-07,0.0,0.0,0.0,0.0,2500000.0,-2500000.0
VIF,2026-03-07,0.0,0.0,0.0,0.0,0.0,0.0
VIG,2026-03-07,0.0,0.0,0.0,0.0,2650000.0,-2650000.0
VIP,2026-03-07,0.0,10500.0,-10500.0,0.0,135865000.0,-135865000.0
VIT,2026-03-07,0.0,0.0,0.0,0.0,2190000.0,-2190000.0
VIX,2026-03-07,413010.0,4931520.0,-4518510.0,7334975000.0,88922450000.0,-81587475000.0
VJC,2026-03-07,126110.0,180000.0,-53890.0,19531920000.0,27723900000.0,-8191980000.0
VLA,2026-03-07,0.0,0.0,0.0,0.0,26700.0,-26700.0
VMC,2026-03-07,0.0,0.0,0.0,0.0,1458800.0,-1458800.0
VMD,2026-03-07,0.0,0.0,0.0,1570000.0,0.0,1570000.0
VMS,2026-03-07,0.0,0.0,0.0,0.0,20440000.0,-20440000.0
VNC,2026-03-07,0.0,0.0,0.0,0.0,28000000.0,-28000000.0
VND,2026-03-07,201300.0,2692278.0,-2490978.0,3744605000.0,49730465800.0,-45985860800.0
VNE,2026-03-07,900.0,0.0,900.0,4518000.0,0.0,4518000.0
VNF,2026-03-07,0.0,0.0,0.0,0.0,9530000.0,-9530000.0
VNG,2026-03-07,0.0,0.0,0.0,1360000.0,0.0,1360000.0
VNL,2026-03-07,0.0,0.0,0.0,466030000.0,6255000.0,459775000.0
VNM,2026-03-07,757191.0,1276100.0,-518909.0,47431988500.0,79861905500.0,-32429917000.0
VNR,2026-03-07,0.0,0.0,0.0,486320000.0,187060900.0,299259100.0
VNS,2026-03-07,0.0,100.0,-100.0,0.0,900000.0,-900000.0
VNT,2026-03-07,0.0,0.0,0.0,0.0,380115200.0,-380115200.0
VOS,2026-03-07,475704.0,178700.0,297004.0,7831872900.0,2965825000.0,4866047900.0
VPB,2026-03-07,1335080.0,4699000.0,-3363920.0,35782977000.0,125876000000.0,-90093023000.0
VPD,2026-03-07,0.0,0.0,0.0,2580000.0,0.0,2580000.0
VPG,2026-03-07,200.0,0.0,200.0,980000.0,0.0,980000.0
VPH,2026-03-07,0.0,0.0,0.0,9854000.0,0.0,9854000.0
VPI,2026-03-07,370200.0,66600.0,303600.0,21445150000.0,3852510000.0,17592640000.0
VPL,2026-03-07,135000.0,6400.0,128600.0,10349450000.0,493910000.0,9855540000.0
VPS,2026-03-07,0.0,0.0,0.0,0.0,8100000.0,-8100000.0
VPX,2026-03-07,222100.0,82600.0,139500.0,7015735000.0,2661040000.0,4354695000.0
VRC,2026-03-07,0.0,200.0,-200.0,0.0,2560000.0,-2560000.0
VRE,2026-03-07,441127.0,1019300.0,-578173.0,11747672800.0,27138255000.0,-15390582200.0
VSA,2026-03-07,0.0,0.0,0.0,0.0,11500000.0,-11500000.0
VSC,2026-03-07,74070.0,359300.0,-285230.0,1815222000.0,9016585000.0,-7201363000.0
VSH,2026-03-07,0.0,13600.0,-13600.0,0.0,584900000.0,-584900000.0
VSI,2026-03-07,0.0,0.0,0.0,5190000.0,0.0,5190000.0
VSM,2026-03-07,0.0,0.0,0.0,1490000.0,0.0,1490000.0
VTB,2026-03-07,100.0,0.0,100.0,1455000.0,0.0,1455000.0
VTC,2026-03-07,0.0,0.0,0.0,0.0,1210000.0,-1210000.0
VTH,2026-03-07,0.0,0.0,0.0,0.0,0.0,0.0
VTJ,2026-03-07,0.0,0.0,0.0,2000000.0,0.0,2000000.0
VTO,2026-03-07,23000.0,32500.0,-9500.0,293670000.0,411845000.0,-118175000.0
VTP,2026-03-07,28000.0,62800.0,-34800.0,2777350000.0,6204110000.0,-3426760000.0
VTV,2026-03-07,2900.0,0.0,2900.0,42720000.0,0.0,42720000.0
VTZ,2026-03-07,15200.0,5700.0,9500.0,310080000.0,116850000.0,193230000.0
VVS,2026-03-07,23600.0,200.0,23400.0,3255130000.0,27600000.0,3227530000.0
WCS,2026-03-07,0.0,0.0,0.0,0.0,2208800.0,-2208800.0
WSS,2026-03-07,0.0,0.0,0.0,4550000.0,0.0,4550000.0
X20,2026-03-07,0.0,0.0,0.0,0.0,1280000.0,-1280000.0
YBM,2026-03-07,0.0,0.0,0.0,0.0,3510000.0,-3510000.0
YEG,2026-03-07,1500.0,23800.0,-22300.0,17875000.0,283220000.0,-265345000.0
AAA,2026-03-09,2404.0,1900.0,504.0,16635680.0,13243000.0,3392680.0
AAM,2026-03-09,0.0,0.0,0.0,0.0,625000.0,-625000.0
AAT,2026-03-09,0.0,0.0,0.0,0.0,927000.0,-927000.0
AAV,2026-03-09,1200.0,0.0,1200.0,7200000.0,0.0,7200000.0
ABR,2026-03-09,0.0,0.0,0.0,1285000.0,0.0,1285000.0
ABS,2026-03-09,0.0,0.0,0.0,0.0,0.0,0.0
ABT,2026-03-09,0.0,500.0,-500.0,0.0,31670000.0,-31670000.0
ACB,2026-03-09,1389711.0,3366200.0,-1976489.0,30263203100.0,73446825000.0,-43183621900.0
ACC,2026-03-09,0.0,0.0,0.0,0.0,207750.0,-207750.0
ACG,2026-03-09,300.0,200.0,100.0,9930000.0,6780000.0,3150000.0
ACL,2026-03-09,0.0,0.0,0.0,0.0,1350000.0,-1350000.0
ADC,2026-03-09,0.0,0.0,0.0,0.0,0.0,0.0
ADG,2026-03-09,0.0,1000000.0,-1000000.0,0.0,10000000000.0,-10000000000.0
ADP,2026-03-09,0.0,100.0,-100.0,0.0,2300000.0,-2300000.0
ADS,2026-03-09,0.0,10600.0,-10600.0,0.0,84321000.0,-84321000.0
AFX,2026-03-09,0.0,0.0,0.0,0.0,0.0,0.0
AGG,2026-03-09,21200.0,49700.0,-28500.0,268295000.0,628005000.0,-359710000.0
AGR,2026-03-09,30900.0,60800.0,-29900.0,461155000.0,911300000.0,-450145000.0
ALT,2026-03-09,0.0,0.0,0.0,0.0,0.0,0.0
AMC,2026-03-09,0.0,0.0,0.0,0.0,2540000.0,-2540000.0
AME,2026-03-09,0.0,0.0,0.0,1220000.0,1220000.0,0.0
AMV,2026-03-09,0.0,100.0,-100.0,0.0,180000.0,-180000.0
ANT,2026-03-09,0.0,0.0,0.0,0.0,0.0,0.0
ANV,2026-03-09,30600.0,95300.0,-64700.0,703670000.0,2187245000.0,-1483575000.0
APG,2026-03-09,0.0,4200.0,-4200.0,0.0,39860000.0,-39860000.0
APH,2026-03-09,3100.0,0.0,3100.0,17417000.0,0.0,17417000.0
API,2026-03-09,0.0,11700.0,-11700.0,0.0,65620000.0,-65620000.0
APS,2026-03-09,15400.0,0.0,15400.0,98040000.0,0.0,98040000.0
ARM,2026-03-09,0.0,0.0,0.0,0.0,26200000.0,-26200000.0
ASG,2026-03-09,0.0,0.0,0.0,1590000.0,0.0,1590000.0
ASM,2026-03-09,1700.0,0.0,1700.0,9429000.0,0.0,9429000.0
ASP,2026-03-09,0.0,0.0,0.0,14400000.0,0.0,14400000.0
AST,2026-03-09,134034.0,0.0,134034.0,9362543800.0,0.0,9362543800.0
ATS,2026-03-09,0.0,0.0,0.0,0.0,3560000.0,-3560000.0
BAB,2026-03-09,700.0,1600.0,-900.0,7630000.0,18260000.0,-10630000.0
BAF,2026-03-09,0.0,100600.0,-100600.0,0.0,3567470000.0,-3567470000.0
BAX,2026-03-09,0.0,0.0,0.0,0.0,3350000.0,-3350000.0
BBS,2026-03-09,0.0,0.0,0.0,0.0,2580000.0,-2580000.0
BCC,2026-03-09,0.0,0.0,0.0,0.0,93750000.0,-93750000.0
BCE,2026-03-09,200.0,100.0,100.0,2200000.0,1055000.0,1145000.0
BCF,2026-03-09,0.0,0.0,0.0,0.0,0.0,0.0
BCG,2026-03-09,0.0,0.0,0.0,157624000.0,366411000.0,-208787000.0
BCM,2026-03-09,4100.0,44900.0,-40800.0,223540000.0,2447410000.0,-2223870000.0
BED,2026-03-09,0.0,0.0,0.0,0.0,0.0,0.0
BFC,2026-03-09,98400.0,29033.0,69367.0,6698640000.0,1973324300.0,4725315700.0
BHN,2026-03-09,0.0,0.0,0.0,12700000.0,0.0,12700000.0
BIC,2026-03-09,62230.0,9800.0,52430.0,1366003500.0,219915000.0,1146088500.0
BID,2026-03-09,202851.0,753400.0,-550549.0,8248885550.0,30557025000.0,-22308139450.0
BKC,2026-03-09,0.0,0.0,0.0,0.0,0.0,0.0
BKG,2026-03-09,100.0,0.0,100.0,245000.0,0.0,245000.0
BMC,2026-03-09,0.0,500.0,-500.0,0.0,6925000.0,-6925000.0
BMI,2026-03-09,40860.0,80200.0,-39340.0,670959000.0,1341595000.0,-670636000.0
BMP,2026-03-09,45900.0,118900.0,-73000.0,6463313900.0,16731990000.0,-10268676100.0
BNA,2026-03-09,500.0,0.0,500.0,3050000.0,0.0,3050000.0
BPC,2026-03-09,0.0,0.0,0.0,0.0,0.0,0.0
BRC,2026-03-09,0.0,0.0,0.0,0.0,2560000.0,-2560000.0
BSI,2026-03-09,15800.0,200.0,15600.0,556825000.0,7045000.0,549780000.0
BSR,2026-03-09,4679400.0,2024730.0,2654670.0,179332010000.0,77681860500.0,101650149500.0
BTP,2026-03-09,600.0,0.0,600.0,4800000.0,0.0,4800000.0
BTS,2026-03-09,0.0,1200.0,-1200.0,0.0,5880000.0,-5880000.0
BTT,2026-03-09,0.0,0.0,0.0,0.0,13600000.0,-13600000.0
BTW,2026-03-09,0.0,0.0,0.0,0.0,275700000.0,-275700000.0
BVH,2026-03-09,8000.0,20000.0,-12000.0,571680000.0,1431670000.0,-859990000.0
BVS,2026-03-09,8200.0,15700.0,-7500.0,228250000.0,436820000.0,-208570000.0
BWE,2026-03-09,26800.0,51300.0,-24500.0,1152760000.0,2201725000.0,-1048965000.0
BXH,2026-03-09,0.0,0.0,0.0,0.0,0.0,0.0
C32,2026-03-09,0.0,110.0,-110.0,0.0,1259600.0,-1259600.0
C47,2026-03-09,0.0,0.0,0.0,0.0,4805000.0,-4805000.0
C69,2026-03-09,27800.0,31000.0,-3200.0,422640000.0,488800000.0,-66160000.0
CAG,2026-03-09,0.0,0.0,0.0,0.0,13860000.0,-13860000.0
CAN,2026-03-09,0.0,0.0,0.0,0.0,2800000.0,-2800000.0
CAP,2026-03-09,0.0,0.0,0.0,0.0,11422600.0,-11422600.0
CAR,2026-03-09,0.0,0.0,0.0,0.0,0.0,0.0
CCC,2026-03-09,0.0,0.0,0.0,0.0,0.0,0.0
CCI,2026-03-09,0.0,0.0,0.0,0.0,0.0,0.0
CCL,2026-03-09,0.0,0.0,0.0,38106000.0,23186000.0,14920000.0
CCR,2026-03-09,0.0,0.0,0.0,0.0,2820000.0,-2820000.0
CDC,2026-03-09,400.0,5600.0,-5200.0,8635000.0,124645000.0,-116010000.0
CDN,2026-03-09,400.0,200.0,200.0,12290000.0,6270000.0,6020000.0
CEO,2026-03-09,145700.0,503045.0,-357345.0,2164440000.0,7372351500.0,-5207911500.0
CET,2026-03-09,0.0,0.0,0.0,0.0,8550000.0,-8550000.0
CHP,2026-03-09,0.0,0.0,0.0,0.0,5095366750.0,-5095366750.0
CIA,2026-03-09,0.0,0.0,0.0,13640000.0,0.0,13640000.0
CIG,2026-03-09,0.0,0.0,0.0,0.0,52282000.0,-52282000.0
CII,2026-03-09,46213.0,410000.0,-363787.0,701395100.0,6267500000.0,-5566104900.0
CJC,2026-03-09,0.0,0.0,0.0,0.0,7200000.0,-7200000.0
CKG,2026-03-09,500.0,2000.0,-1500.0,4400000.0,18400000.0,-14000000.0
CKV,2026-03-09,0.0,0.0,0.0,0.0,44640000.0,-44640000.0
CLC,2026-03-09,200.0,200.0,0.0,10450000.0,11000000.0,-550000.0
CLH,2026-03-09,0.0,2000.0,-2000.0,0.0,42220000.0,-42220000.0
CLL,2026-03-09,1000.0,400.0,600.0,29250000.0,12030000.0,17220000.0
CLM,2026-03-09,0.0,0.0,0.0,0.0,0.0,0.0
CLW,2026-03-09,0.0,0.0,0.0,5440000.0,0.0,5440000.0
CMC,2026-03-09,0.0,0.0,0.0,0.0,12600000.0,-12600000.0
CMG,2026-03-09,5220.0,2100.0,3120.0,152720000.0,62430000.0,90290000.0
CMS,2026-03-09,0.0,0.0,0.0,0.0,0.0,0.0
CMV,2026-03-09,0.0,0.0,0.0,0.0,14400000.0,-14400000.0
CMX,2026-03-09,0.0,7400.0,-7400.0,0.0,45413000.0,-45413000.0
CNG,2026-03-09,3100.0,400.0,2700.0,80100000.0,10680000.0,69420000.0
COM,2026-03-09,0.0,0.0,0.0,3400000.0,0.0,3400000.0
CPC,2026-03-09,0.0,0.0,0.0,0.0,3370000.0,-3370000.0
CRC,2026-03-09,0.0,54100.0,-54100.0,0.0,472320000.0,-472320000.0
CRE,2026-03-09,0.0,14100.0,-14100.0,0.0,92268000.0,-92268000.0
CRV,2026-03-09,0.0,0.0,0.0,137500.0,0.0,137500.0
CSC,2026-03-09,0.0,0.0,0.0,0.0,0.0,0.0
CSM,2026-03-09,8000.0,6800.0,1200.0,92950000.0,78540000.0,14410000.0
CST,2026-03-09,0.0,0.0,0.0,0.0,1063930000.0,-1063930000.0
CSV,2026-03-09,138400.0,96900.0,41500.0,3979440000.0,2863850000.0,1115590000.0
CTB,2026-03-09,600.0,100.0,500.0,9900000.0,1700000.0,8200000.0
CTD,2026-03-09,800.0,12000.0,-11200.0,60160000.0,905390000.0,-845230000.0
CTF,2026-03-09,29600.0,15800.0,13800.0,530155000.0,285975000.0,244180000.0
CTG,2026-03-09,73162.0,1977402.0,-1904240.0,2430593400.0,65654291700.0,-63223698300.0
CTI,2026-03-09,6500.0,64300.0,-57800.0,147475000.0,1454190000.0,-1306715000.0
CTP,2026-03-09,0.0,0.0,0.0,60000000.0,0.0,60000000.0
CTR,2026-03-09,16514.0,60700.0,-44186.0,1301622400.0,4804290000.0,-3502667600.0
CTS,2026-03-09,16200.0,12900.0,3300.0,460080000.0,366360000.0,93720000.0
CTT,2026-03-09,0.0,0.0,0.0,0.0,0.0,0.0
CVT,2026-03-09,0.0,0.0,0.0,0.0,10600000.0,-10600000.0
CX8,2026-03-09,0.0,0.0,0.0,0.0,0.0,0.0
D11,2026-03-09,0.0,0.0,0.0,0.0,0.0,0.0
D2D,2026-03-09,1300.0,6600.0,-5300.0,45020000.0,235980000.0,-190960000.0
DAD,2026-03-09,0.0,0.0,0.0,0.0,1800000.0,-1800000.0
DAE,2026-03-09,0.0,0.0,0.0,0.0,1370000.0,-1370000.0
DAH,2026-03-09,0.0,0.0,0.0,0.0,69000.0,-69000.0
DAT,2026-03-09,0.0,0.0,0.0,0.0,0.0,0.0
DBC,2026-03-09,43500.0,111100.0,-67600.0,1007790000.0,2550205000.0,-1542415000.0
DBD,2026-03-09,0.0,0.0,0.0,47520000.0,74660000.0,-27140000.0
DBT,2026-03-09,0.0,0.0,0.0,0.0,14429550.0,-14429550.0
DC2,2026-03-09,0.0,0.0,0.0,0.0,353800.0,-353800.0
DC4,2026-03-09,1200.0,200.0,1000.0,10752000.0,1794000.0,8958000.0
DCL,2026-03-09,0.0,0.0,0.0,0.0,22960000.0,-22960000.0
DCM,2026-03-09,2828050.0,1883430.0,944620.0,134965368350.0,93835116000.0,41130252350.0
DDG,2026-03-09,0.0,0.0,0.0,5500000.0,0.0,5500000.0
DGC,2026-03-09,644300.0,1485046.0,-840746.0,47174210000.0,108892896600.0,-61718686600.0
DGW,2026-03-09,471200.0,11900.0,459300.0,19627270000.0,495635000.0,19131635000.0
DHA,2026-03-09,6900.0,5900.0,1000.0,363140000.0,305210000.0,57930000.0
DHC,2026-03-09,143500.0,21500.0,122000.0,4874955000.0,729925000.0,4145030000.0
DHG,2026-03-09,2100.0,300.0,1800.0,209240000.0,29550000.0,179690000.0
DHM,2026-03-09,0.0,0.0,0.0,0.0,5942900.0,-5942900.0
DHP,2026-03-09,0.0,0.0,0.0,0.0,5850000.0,-5850000.0
DHT,2026-03-09,500.0,100.0,400.0,33490000.0,6640000.0,26850000.0
DIG,2026-03-09,6885.0,223300.0,-216415.0,87485250.0,2835860000.0,-2748374750.0
DIH,2026-03-09,0.0,0.0,0.0,0.0,0.0,0.0
DL1,2026-03-09,9200.0,3100.0,6100.0,40480000.0,14570000.0,25910000.0
DLG,2026-03-09,26500.0,500.0,26000.0,65162000.0,1245000.0,63917000.0
DMC,2026-03-09,0.0,0.0,0.0,11960000.0,0.0,11960000.0
DNC,2026-03-09,0.0,0.0,0.0,0.0,0.0,0.0
DNP,2026-03-09,0.0,0.0,0.0,0.0,19400000.0,-19400000.0
DP3,2026-03-09,0.0,0.0,0.0,0.0,285630000.0,-285630000.0
DPG,2026-03-09,15700.0,52300.0,-36600.0,636635000.0,2118185000.0,-1481550000.0
DPM,2026-03-09,1423200.0,1089800.0,333400.0,46320062500.0,35438725000.0,10881337500.0
DPR,2026-03-09,9000.0,88000.0,-79000.0,359900000.0,3515885000.0,-3155985000.0
DQC,2026-03-09,100.0,400.0,-300.0,905000.0,3780000.0,-2875000.0
DRC,2026-03-09,0.0,0.0,0.0,0.0,4695000.0,-4695000.0
DRH,2026-03-09,5800.0,5528.0,272.0,14558000.0,13830000.0,728000.0
DRL,2026-03-09,0.0,0.0,0.0,0.0,96900000.0,-96900000.0
DS3,2026-03-09,0.0,0.0,0.0,11600000.0,0.0,11600000.0
DSC,2026-03-09,0.0,0.0,0.0,42000000.0,0.0,42000000.0
DSE,2026-03-09,47100.0,25625.0,21475.0,1069725000.0,585072500.0,484652500.0
DSN,2026-03-09,0.0,0.0,0.0,4130000.0,0.0,4130000.0
DST,2026-03-09,0.0,0.0,0.0,0.0,2220000.0,-2220000.0
DTA,2026-03-09,0.0,0.0,0.0,9020000.0,0.0,9020000.0
DTD,2026-03-09,52900.0,27900.0,25000.0,827100000.0,446310000.0,380790000.0
DTG,2026-03-09,0.0,0.0,0.0,6260000.0,0.0,6260000.0
DTK,2026-03-09,5000.0,2400.0,2600.0,53000000.0,25780000.0,27220000.0
DTL,2026-03-09,100.0,0.0,100.0,1110000.0,0.0,1110000.0
DTT,2026-03-09,0.0,0.0,0.0,15600000.0,0.0,15600000.0
DVM,2026-03-09,0.0,0.0,0.0,0.0,0.0,0.0
DVP,2026-03-09,2600.0,1100.0,1500.0,180060000.0,75210000.0,104850000.0
DXG,2026-03-09,60840.0,161001.0,-100161.0,800243000.0,2120688150.0,-1320445150.0
DXP,2026-03-09,20400.0,10900.0,9500.0,239720000.0,128940000.0,110780000.0
DXS,2026-03-09,100.0,6100.0,-6000.0,598000.0,36479000.0,-35881000.0
DXV,2026-03-09,100.0,0.0,100.0,399000.0,0.0,399000.0
EBS,2026-03-09,0.0,0.0,0.0,0.0,30780000.0,-30780000.0
ECI,2026-03-09,0.0,0.0,0.0,0.0,0.0,0.0
EIB,2026-03-09,746500.0,2881500.0,-2135000.0,15379010000.0,59281200000.0,-43902190000.0
EID,2026-03-09,0.0,0.0,0.0,0.0,8880000.0,-8880000.0
ELC,2026-03-09,26900.0,20734.0,6166.0,476185000.0,367091950.0,109093050.0
EVE,2026-03-09,2500.0,0.0,2500.0,23746000.0,0.0,23746000.0
EVF,2026-03-09,81000.0,265800.0,-184800.0,1040740000.0,3399795000.0,-2359055000.0
EVG,2026-03-09,0.0,31600.0,-31600.0,0.0,194608000.0,-194608000.0
EVS,2026-03-09,0.0,0.0,0.0,0.0,7420000.0,-7420000.0
FCM,2026-03-09,3500.0,0.0,3500.0,11250000.0,0.0,11250000.0
FCN,2026-03-09,54400.0,112400.0,-58000.0,609720000.0,1259570000.0,-649850000.0
FDC,2026-03-09,0.0,0.0,0.0,0.0,1580000.0,-1580000.0
FID,2026-03-09,0.0,0.0,0.0,0.0,0.0,0.0
FIR,2026-03-09,0.0,2500.0,-2500.0,0.0,12100000.0,-12100000.0
FIT,2026-03-09,0.0,0.0,0.0,0.0,28320.0,-28320.0
FMC,2026-03-09,74600.0,5300.0,69300.0,2835605000.0,202980000.0,2632625000.0
FPT,2026-03-09,1318663.0,3443231.0,-2124568.0,100192897900.0,261600189600.0,-161407291700.0
FRT,2026-03-09,147500.0,114150.0,33350.0,20727860000.0,16043930000.0,4683930000.0
FTS,2026-03-09,101.0,27060.0,-26959.0,2802750.0,766810000.0,-764007250.0
GAS,2026-03-09,1057401.0,384737.0,672664.0,111593447000.0,41435292000.0,70158155000.0
GDT,2026-03-09,500.0,0.0,500.0,9500000.0,0.0,9500000.0
GDW,2026-03-09,0.0,0.0,0.0,3500000.0,0.0,3500000.0
GEE,2026-03-09,3438.0,2600.0,838.0,528070300.0,403000000.0,125070300.0
GEG,2026-03-09,112700.0,218700.0,-106000.0,1669705000.0,3262580000.0,-1592875000.0
GEL,2026-03-09,2900.0,0.0,2900.0,94250000.0,0.0,94250000.0
GEX,2026-03-09,89773.0,200600.0,-110827.0,2976722700.0,6652810000.0,-3676087300.0
GHC,2026-03-09,0.0,0.0,0.0,125840000.0,0.0,125840000.0
GIC,2026-03-09,0.0,100.0,-100.0,0.0,1110000.0,-1110000.0
GIL,2026-03-09,1900.0,36200.0,-34300.0,26510000.0,502210000.0,-475700000.0
GKM,2026-03-09,0.0,0.0,0.0,3360000.0,480000.0,2880000.0
GLT,2026-03-09,0.0,0.0,0.0,0.0,28600000.0,-28600000.0
GMA,2026-03-09,0.0,0.0,0.0,0.0,0.0,0.0
GMD,2026-03-09,471950.0,110000.0,361950.0,34329530000.0,8008740000.0,26320790000.0
GMH,2026-03-09,0.0,0.0,0.0,2364000.0,0.0,2364000.0
GMX,2026-03-09,0.0,0.0,0.0,7530000.0,0.0,7530000.0
GSP,2026-03-09,0.0,0.0,0.0,0.0,672000.0,-672000.0
GTA,2026-03-09,0.0,0.0,0.0,0.0,42920000.0,-42920000.0
GVR,2026-03-09,106700.0,0.0,106700.0,3750505000.0,0.0,3750505000.0
HAD,2026-03-09,0.0,0.0,0.0,1440000.0,0.0,1440000.0
HAG,2026-03-09,6000.0,198100.0,-192100.0,87115000.0,2882415000.0,-2795300000.0
HAH,2026-03-09,106400.0,187200.0,-80800.0,6287390000.0,11050200000.0,-4762810000.0
HAP,2026-03-09,0.0,3600.0,-3600.0,0.0,25566000.0,-25566000.0
HAR,2026-03-09,1000.0,4200.0,-3200.0,3260000.0,13257000.0,-9997000.0
HAS,2026-03-09,0.0,0.0,0.0,4050000.0,16390000.0,-12340000.0
HAT,2026-03-09,0.0,0.0,0.0,0.0,3390000.0,-3390000.0
HAX,2026-03-09,55000.0,18400.0,36600.0,549986000.0,186985000.0,363001000.0
HBS,2026-03-09,0.0,0.0,0.0,0.0,900000.0,-900000.0
HCC,2026-03-09,0.0,0.0,0.0,0.0,13200000.0,-13200000.0
HCD,2026-03-09,0.0,600.0,-600.0,0.0,4615000.0,-4615000.0
HCM,2026-03-09,115414.0,416500.0,-301086.0,2523234500.0,9066020000.0,-6542785500.0
HCT,2026-03-09,0.0,0.0,0.0,0.0,0.0,0.0
HDA,2026-03-09,0.0,0.0,0.0,0.0,580000.0,-580000.0
HDB,2026-03-09,2123335.0,2643178.0,-519843.0,51271424900.0,63910760800.0,-12639335900.0
HDC,2026-03-09,25900.0,144300.0,-118400.0,450660000.0,2500000000.0,-2049340000.0
HDG,2026-03-09,2800.0,27900.0,-25100.0,73160000.0,734015000.0,-660855000.0
HEV,2026-03-09,0.0,0.0,0.0,1250000.0,0.0,1250000.0
HGM,2026-03-09,1.0,0.0,1.0,187200.0,0.0,187200.0
HHC,2026-03-09,0.0,0.0,0.0,0.0,0.0,0.0
HHP,2026-03-09,163200.0,64300.0,98900.0,2073415000.0,837740000.0,1235675000.0
HHS,2026-03-09,20900.0,4100.0,16800.0,206050000.0,40303000.0,165747000.0
HHV,2026-03-09,7900.0,1400.0,6500.0,87100000.0,15540000.0,71560000.0
HID,2026-03-09,8200.0,25500.0,-17300.0,31642000.0,98227000.0,-66585000.0
HII,2026-03-09,10600.0,5900.0,4700.0,51522000.0,28556000.0,22966000.0
HJS,2026-03-09,0.0,0.0,0.0,0.0,60960000.0,-60960000.0
HKT,2026-03-09,0.0,0.0,0.0,0.0,990000.0,-990000.0
HLC,2026-03-09,700.0,500.0,200.0,9100000.0,7000000.0,2100000.0
HLD,2026-03-09,0.0,400.0,-400.0,0.0,6640000.0,-6640000.0
HMC,2026-03-09,300.0,0.0,300.0,3300000.0,0.0,3300000.0
HMH,2026-03-09,0.0,0.0,0.0,0.0,1950000.0,-1950000.0
HMR,2026-03-09,0.0,0.0,0.0,0.0,0.0,0.0
HNA,2026-03-09,0.0,0.0,0.0,0.0,0.0,0.0
HOM,2026-03-09,0.0,100.0,-100.0,0.0,410000.0,-410000.0
HPA,2026-03-09,105.0,0.0,105.0,4033750.0,0.0,4033750.0
HPG,2026-03-09,5098965.0,8396989.0,-3298024.0,129443066500.0,213543890350.0,-84100823850.0
HPX,2026-03-09,0.0,0.0,0.0,49999000.0,1212544000.0,-1162545000.0
HQC,2026-03-09,800.0,238100.0,-237300.0,1928000.0,575917000.0,-573989000.0
HRC,2026-03-09,0.0,100.0,-100.0,0.0,7240000.0,-7240000.0
HSG,2026-03-09,13900.0,847802.0,-833902.0,191860000.0,11751067600.0,-11559207600.0
HSL,2026-03-09,0.0,0.0,0.0,1338000.0,22673000.0,-21335000.0
HT1,2026-03-09,24800.0,0.0,24800.0,396835000.0,0.0,396835000.0
HTC,2026-03-09,0.0,0.0,0.0,0.0,0.0,0.0
HTG,2026-03-09,0.0,0.0,0.0,0.0,90200.0,-90200.0
HTI,2026-03-09,113.0,5500.0,-5387.0,2700700.0,131845000.0,-129144300.0
HTL,2026-03-09,0.0,0.0,0.0,11500000.0,0.0,11500000.0
HTN,2026-03-09,5000.0,0.0,5000.0,32000000.0,0.0,32000000.0
HTV,2026-03-09,0.0,0.0,0.0,0.0,29610000.0,-29610000.0
HU1,2026-03-09,0.0,0.0,0.0,1742000.0,0.0,1742000.0
HUB,2026-03-09,200.0,900.0,-700.0,2700000.0,12600000.0,-9900000.0
HUT,2026-03-09,800.0,33100.0,-32300.0,11070000.0,483150000.0,-472080000.0
HVH,2026-03-09,0.0,1600.0,-1600.0,0.0,19005000.0,-19005000.0
HVN,2026-03-09,2700.0,820000.0,-817300.0,61155000.0,18573000000.0,-18511845000.0
HVT,2026-03-09,0.0,0.0,0.0,0.0,86100000.0,-86100000.0
ICG,2026-03-09,300.0,400.0,-100.0,5550000.0,7080000.0,-1530000.0
ICT,2026-03-09,0.0,0.0,0.0,0.0,1800000.0,-1800000.0
IDC,2026-03-09,707562.0,541100.0,166462.0,27653182500.0,21105410000.0,6547772500.0
IDI,2026-03-09,100.0,34400.0,-34300.0,657000.0,227541000.0,-226884000.0
IDJ,2026-03-09,100.0,0.0,100.0,370000.0,0.0,370000.0
IDV,2026-03-09,1200.0,200.0,1000.0,30120000.0,5200000.0,24920000.0
IJC,2026-03-09,7400.0,295400.0,-288000.0,70675000.0,2870813000.0,-2800138000.0
ILB,2026-03-09,1200.0,1000.0,200.0,25225000.0,21415000.0,3810000.0
IMP,2026-03-09,17900.0,77800.0,-59900.0,965710000.0,4196470000.0,-3230760000.0
INC,2026-03-09,0.0,0.0,0.0,0.0,1290000.0,-1290000.0
INN,2026-03-09,0.0,0.0,0.0,12000000.0,0.0,12000000.0
IPA,2026-03-09,0.0,1500.0,-1500.0,0.0,24000000.0,-24000000.0
ITC,2026-03-09,0.0,0.0,0.0,0.0,783150.0,-783150.0
ITD,2026-03-09,100.0,0.0,100.0,1535000.0,0.0,1535000.0
ITQ,2026-03-09,0.0,0.0,0.0,0.0,0.0,0.0
IVS,2026-03-09,28100.0,7500.0,20600.0,205780000.0,54790000.0,150990000.0
JVC,2026-03-09,800.0,0.0,800.0,3727000.0,0.0,3727000.0
KBC,2026-03-09,11602.0,46400.0,-34798.0,347237400.0,1389955000.0,-1042717600.0
KDC,2026-03-09,9800.0,52000.0,-42200.0,464720000.0,2540130000.0,-2075410000.0
KDH,2026-03-09,1376000.0,537600.0,838400.0,32957460000.0,12885200000.0,20072260000.0
KDM,2026-03-09,0.0,0.0,0.0,0.0,0.0,0.0
KHG,2026-03-09,200.0,94500.0,-94300.0,1094000.0,516984000.0,-515890000.0
KHP,2026-03-09,0.0,0.0,0.0,0.0,1200000.0,-1200000.0
KHS,2026-03-09,0.0,0.0,0.0,0.0,1660000.0,-1660000.0
KKC,2026-03-09,0.0,0.0,0.0,2560000.0,1200000.0,1360000.0
KLB,2026-03-09,400.0,0.0,400.0,5180000.0,0.0,5180000.0
KMR,2026-03-09,0.0,0.0,0.0,564000.0,0.0,564000.0
KMT,2026-03-09,0.0,0.0,0.0,0.0,0.0,0.0
KOS,2026-03-09,0.0,30700.0,-30700.0,0.0,1095685000.0,-1095685000.0
KSB,2026-03-09,0.0,30100.0,-30100.0,0.0,477785000.0,-477785000.0
KSD,2026-03-09,0.0,0.0,0.0,0.0,960000.0,-960000.0
KSF,2026-03-09,2300.0,0.0,2300.0,161410000.0,0.0,161410000.0
KST,2026-03-09,0.0,0.0,0.0,0.0,4590000.0,-4590000.0
KSV,2026-03-09,0.0,0.0,0.0,0.0,0.0,0.0
KTS,2026-03-09,0.0,0.0,0.0,0.0,1794500.0,-1794500.0
L10,2026-03-09,0.0,0.0,0.0,26000000.0,0.0,26000000.0
L14,2026-03-09,5500.0,0.0,5500.0,117550000.0,0.0,117550000.0
L18,2026-03-09,0.0,0.0,0.0,0.0,0.0,0.0
L40,2026-03-09,0.0,0.0,0.0,0.0,70800000.0,-70800000.0
LAF,2026-03-09,3400.0,0.0,3400.0,61600000.0,0.0,61600000.0
LAS,2026-03-09,242900.0,202800.0,40100.0,4468080000.0,4036740000.0,431340000.0
LBE,2026-03-09,0.0,0.0,0.0,15500000.0,0.0,15500000.0
LBM,2026-03-09,0.0,8100.0,-8100.0,0.0,249885000.0,-249885000.0
LCD,2026-03-09,0.0,0.0,0.0,0.0,0.0,0.0
LCG,2026-03-09,2020.0,48900.0,-46880.0,18633800.0,450180000.0,-431546200.0
LDG,2026-03-09,100.0,26400.0,-26300.0,324000.0,85861000.0,-85537000.0
LDP,2026-03-09,0.0,0.0,0.0,0.0,448000.0,-448000.0
LGC,2026-03-09,0.0,0.0,0.0,0.0,16500000.0,-16500000.0
LGL,2026-03-09,0.0,0.0,0.0,33013000.0,0.0,33013000.0
LHC,2026-03-09,0.0,200.0,-200.0,0.0,18900000.0,-18900000.0
LHG,2026-03-09,30000.0,0.0,30000.0,810500000.0,0.0,810500000.0
LIG,2026-03-09,0.0,0.0,0.0,0.0,0.0,0.0
LIX,2026-03-09,1000.0,5100.0,-4100.0,36450000.0,177225000.0,-140775000.0
LM8,2026-03-09,0.0,0.0,0.0,0.0,4940000.0,-4940000.0
LPB,2026-03-09,302800.0,189000.0,113800.0,12211870000.0,7800020000.0,4411850000.0
LSS,2026-03-09,0.0,11285.0,-11285.0,0.0,91994930.0,-91994930.0
MAC,2026-03-09,0.0,0.0,0.0,1250000.0,0.0,1250000.0
MAS,2026-03-09,0.0,1000.0,-1000.0,0.0,33800000.0,-33800000.0
MBB,2026-03-09,4105200.0,4140300.0,-35100.0,105789577600.0,106710577600.0,-921000000.0
MBG,2026-03-09,100.0,21800.0,-21700.0,270000.0,63220000.0,-62950000.0
MBS,2026-03-09,350500.0,285400.0,65100.0,8672860000.0,7078750000.0,1594110000.0
MCC,2026-03-09,0.0,0.0,0.0,0.0,0.0,0.0
MCF,2026-03-09,0.0,0.0,0.0,0.0,1500000.0,-1500000.0
MCH,2026-03-09,6613.0,56733.0,-50120.0,874869200.0,7506128500.0,-6631259300.0
MCM,2026-03-09,300.0,1000.0,-700.0,7500000.0,24950000.0,-17450000.0
MCO,2026-03-09,0.0,0.0,0.0,0.0,9360000.0,-9360000.0
MCP,2026-03-09,0.0,0.0,0.0,0.0,2840000.0,-2840000.0
MDC,2026-03-09,0.0,0.0,0.0,19800000.0,0.0,19800000.0
MDG,2026-03-09,0.0,0.0,0.0,0.0,4230000.0,-4230000.0
MED,2026-03-09,0.0,0.0,0.0,0.0,0.0,0.0
MEL,2026-03-09,0.0,0.0,0.0,19860000.0,0.0,19860000.0
MHC,2026-03-09,2200.0,3.0,2197.0,21252000.0,29220.0,21222780.0
MIC,2026-03-09,5000.0,0.0,5000.0,56500000.0,0.0,56500000.0
MIG,2026-03-09,134830.0,5000.0,129830.0,2242984000.0,84275000.0,2158709000.0
MKV,2026-03-09,0.0,0.0,0.0,9440000.0,0.0,9440000.0
MSB,2026-03-09,4300.0,11100.0,-6800.0,46470000.0,121545000.0,-75075000.0
MSH,2026-03-09,699500.0,187215.0,512285.0,23495795000.0,6315546000.0,17180249000.0
MSN,2026-03-09,318215.0,324300.0,-6085.0,21708743000.0,22125530000.0,-416787000.0
MST,2026-03-09,55300.0,274600.0,-219300.0,370530000.0,1866980000.0,-1496450000.0
MVB,2026-03-09,0.0,0.0,0.0,0.0,9020000.0,-9020000.0
MWG,2026-03-09,2692117.0,893883.0,1798234.0,207293009000.0,68829327500.0,138463681500.0
NAB,2026-03-09,246803.0,147000.0,99803.0,3158185950.0,1868755000.0,1289430950.0
NAF,2026-03-09,111800.0,167000.0,-55200.0,4647885000.0,7197465000.0,-2549580000.0
NAG,2026-03-09,0.0,0.0,0.0,0.0,466100.0,-466100.0
NAP,2026-03-09,0.0,0.0,0.0,0.0,0.0,0.0
NAV,2026-03-09,100.0,0.0,100.0,1500000.0,0.0,1500000.0
NBB,2026-03-09,0.0,200.0,-200.0,0.0,3270000.0,-3270000.0
NBC,2026-03-09,0.0,0.0,0.0,0.0,11000000.0,-11000000.0
NBP,2026-03-09,0.0,0.0,0.0,6400000.0,0.0,6400000.0
NBW,2026-03-09,0.0,0.0,0.0,0.0,3500000.0,-3500000.0
NCT,2026-03-09,1700.0,4100.0,-2400.0,153140000.0,373300000.0,-220160000.0
NDN,2026-03-09,400.0,0.0,400.0,3920000.0,0.0,3920000.0
NDX,2026-03-09,0.0,0.0,0.0,0.0,57050000.0,-57050000.0
NET,2026-03-09,100.0,200.0,-100.0,6160000.0,13440000.0,-7280000.0
NFC,2026-03-09,0.0,0.0,0.0,0.0,13760000.0,-13760000.0
NHA,2026-03-09,330.0,12900.0,-12570.0,4009500.0,156735000.0,-152725500.0
NHC,2026-03-09,0.0,0.0,0.0,4900000.0,0.0,4900000.0
NHH,2026-03-09,8300.0,0.0,8300.0,83830000.0,0.0,83830000.0
NHT,2026-03-09,0.0,0.0,0.0,7280000.0,0.0,7280000.0
NKG,2026-03-09,1201.0,143800.0,-142599.0,16213550.0,1951390000.0,-1935176450.0
NLG,2026-03-09,651200.0,205828.0,445372.0,15777425000.0,5000146800.0,10777278200.0
NNC,2026-03-09,1100.0,100.0,1000.0,55400000.0,5010000.0,50390000.0
NO1,2026-03-09,200.0,0.0,200.0,1100000.0,0.0,1100000.0
NRC,2026-03-09,0.0,29500.0,-29500.0,0.0,156350000.0,-156350000.0
NSC,2026-03-09,100.0,100.0,0.0,7170000.0,7400000.0,-230000.0
NSH,2026-03-09,0.0,0.0,0.0,0.0,9800000.0,-9800000.0
NST,2026-03-09,0.0,0.0,0.0,0.0,12980000.0,-12980000.0
NT2,2026-03-09,216800.0,69800.0,147000.0,5590510000.0,1812980000.0,3777530000.0
NTC,2026-03-09,0.0,0.0,0.0,0.0,0.0,0.0
NTH,2026-03-09,0.0,0.0,0.0,11600000.0,0.0,11600000.0
NTL,2026-03-09,60500.0,13900.0,46600.0,917325000.0,212705000.0,704620000.0
NTP,2026-03-09,25600.0,52000.0,-26400.0,1443300000.0,2936920000.0,-1493620000.0
NVB,2026-03-09,500.0,0.0,500.0,5250000.0,0.0,5250000.0
NVL,2026-03-09,320840.0,275900.0,44940.0,3370825000.0,2906375000.0,464450000.0
NVT,2026-03-09,0.0,100.0,-100.0,0.0,697000.0,-697000.0
OCB,2026-03-09,1100.0,114400.0,-113300.0,11440000.0,1199520000.0,-1188080000.0
OCH,2026-03-09,0.0,2000.0,-2000.0,0.0,10820000.0,-10820000.0
OGC,2026-03-09,1300.0,1400.0,-100.0,4017000.0,4215000.0,-198000.0
ONE,2026-03-09,0.0,20700.0,-20700.0,0.0,204930000.0,-204930000.0
OPC,2026-03-09,0.0,0.0,0.0,0.0,28795000.0,-28795000.0
ORS,2026-03-09,25400.0,17300.0,8100.0,347980000.0,238030000.0,109950000.0
PAC,2026-03-09,31600.0,78700.0,-47100.0,701820000.0,1768430000.0,-1066610000.0
PAN,2026-03-09,44700.0,67200.0,-22500.0,1404865000.0,2119855000.0,-714990000.0
PBP,2026-03-09,0.0,0.0,0.0,10160000.0,0.0,10160000.0
PC1,2026-03-09,711100.0,0.0,711100.0,18630820000.0,0.0,18630820000.0
PCE,2026-03-09,900.0,0.0,900.0,17680000.0,0.0,17680000.0
PCH,2026-03-09,0.0,0.0,0.0,0.0,0.0,0.0
PCT,2026-03-09,0.0,0.0,0.0,0.0,0.0,0.0
PDB,2026-03-09,200.0,0.0,200.0,3680000.0,0.0,3680000.0
PDN,2026-03-09,0.0,0.0,0.0,0.0,3334100.0,-3334100.0
PDR,2026-03-09,70930.0,466500.0,-395570.0,1035561500.0,6791465000.0,-5755903500.0
PDV,2026-03-09,0.0,0.0,0.0,17600000.0,0.0,17600000.0
PEN,2026-03-09,0.0,0.0,0.0,0.0,980000.0,-980000.0
PET,2026-03-09,0.0,0.0,0.0,0.0,830000.0,-830000.0
PGC,2026-03-09,15600.0,200.0,15400.0,230365000.0,2850000.0,227515000.0
PGD,2026-03-09,700.0,500.0,200.0,16430000.0,12450000.0,3980000.0
PGI,2026-03-09,0.0,0.0,0.0,3920000.0,13720000.0,-9800000.0
PGN,2026-03-09,0.0,0.0,0.0,0.0,640000.0,-640000.0
PGS,2026-03-09,0.0,0.0,0.0,0.0,388800.0,-388800.0
PGT,2026-03-09,0.0,0.0,0.0,0.0,1980000.0,-1980000.0
PGV,2026-03-09,300.0,0.0,300.0,7290000.0,0.0,7290000.0
PHC,2026-03-09,0.0,0.0,0.0,0.0,2892000.0,-2892000.0
PHN,2026-03-09,0.0,0.0,0.0,0.0,21049600.0,-21049600.0
PHR,2026-03-09,27700.0,122800.0,-95100.0,1585350000.0,7002300000.0,-5416950000.0
PIA,2026-03-09,0.0,0.0,0.0,0.0,0.0,0.0
PIC,2026-03-09,0.0,0.0,0.0,0.0,0.0,0.0
PIT,2026-03-09,0.0,0.0,0.0,0.0,12140.0,-12140.0
PJC,2026-03-09,0.0,0.0,0.0,0.0,3180000.0,-3180000.0
PJT,2026-03-09,0.0,0.0,0.0,0.0,9300.0,-9300.0
PLC,2026-03-09,160400.0,82200.0,78200.0,4626300000.0,2466380000.0,2159920000.0
PLP,2026-03-09,0.0,3300.0,-3300.0,0.0,16995000.0,-16995000.0
PLX,2026-03-09,867907.0,2861350.0,-1993443.0,50929778100.0,168234850000.0,-117305071900.0
PMB,2026-03-09,0.0,0.0,0.0,0.0,4950000.0,-4950000.0
PMC,2026-03-09,0.0,0.0,0.0,0.0,28700000.0,-28700000.0
PMG,2026-03-09,0.0,100.0,-100.0,0.0,820000.0,-820000.0
PMP,2026-03-09,0.0,0.0,0.0,0.0,3830000.0,-3830000.0
PMS,2026-03-09,0.0,0.0,0.0,0.0,115218000.0,-115218000.0
PNC,2026-03-09,0.0,0.0,0.0,0.0,10380000.0,-10380000.0
PNJ,2026-03-09,449101.0,202237.0,246864.0,47880896500.0,21559852800.0,26321043700.0
POT,2026-03-09,0.0,200.0,-200.0,0.0,3980000.0,-3980000.0
POW,2026-03-09,160210.0,1279376.0,-1119166.0,2179895500.0,17359703600.0,-15179808100.0
PPC,2026-03-09,11600.0,107500.0,-95900.0,115323000.0,1054301000.0,-938978000.0
PPE,2026-03-09,0.0,0.0,0.0,0.0,5700000.0,-5700000.0
PPP,2026-03-09,0.0,0.0,0.0,5580000.0,0.0,5580000.0
PPS,2026-03-09,0.0,0.0,0.0,0.0,20140000.0,-20140000.0
PPT,2026-03-09,0.0,0.0,0.0,0.0,0.0,0.0
PPY,2026-03-09,0.0,0.0,0.0,0.0,0.0,0.0
PRC,2026-03-09,0.0,0.0,0.0,0.0,620000.0,-620000.0
PRE,2026-03-09,0.0,700.0,-700.0,0.0,14770000.0,-14770000.0
PSC,2026-03-09,0.0,0.0,0.0,0.0,6300000.0,-6300000.0
PSD,2026-03-09,0.0,0.0,0.0,0.0,1380000.0,-1380000.0
PSE,2026-03-09,0.0,0.0,0.0,3270000.0,0.0,3270000.0
PSI,2026-03-09,400.0,0.0,400.0,3200000.0,0.0,3200000.0
PSW,2026-03-09,0.0,113.0,-113.0,0.0,949200.0,-949200.0
PTB,2026-03-09,39000.0,72400.0,-33400.0,1879650000.0,3483440000.0,-1603790000.0
PTC,2026-03-09,0.0,0.0,0.0,1522000.0,0.0,1522000.0
PTD,2026-03-09,0.0,0.0,0.0,0.0,15600000.0,-15600000.0
PTI,2026-03-09,0.0,0.0,0.0,0.0,78300000.0,-78300000.0
PTL,2026-03-09,0.0,0.0,0.0,0.0,1850000.0,-1850000.0
PTS,2026-03-09,0.0,0.0,0.0,0.0,17460000.0,-17460000.0
PTX,2026-03-09,0.0,0.0,0.0,0.0,0.0,0.0
PV2,2026-03-09,100.0,0.0,100.0,220000.0,0.0,220000.0
PVB,2026-03-09,118800.0,22600.0,96200.0,4244990000.0,876170000.0,3368820000.0
PVC,2026-03-09,0.0,0.0,0.0,0.0,850000.0,-850000.0
PVD,2026-03-09,991500.0,1827760.0,-836260.0,40222275000.0,76591418000.0,-36369143000.0
PVG,2026-03-09,26900.0,5800.0,21100.0,208610000.0,50460000.0,158150000.0
PVI,2026-03-09,28500.0,0.0,28500.0,2149150000.0,0.0,2149150000.0
PVP,2026-03-09,7800.0,29300.0,-21500.0,147060000.0,568420000.0,-421360000.0
PVS,2026-03-09,1422510.0,1410461.0,12049.0,69339775000.0,69199308700.0,140466300.0
PVT,2026-03-09,3959328.0,1934100.0,2025228.0,118714708250.0,60464125000.0,58250583250.0
QCG,2026-03-09,100.0,0.0,100.0,1280000.0,0.0,1280000.0
QHD,2026-03-09,0.0,0.0,0.0,0.0,55000000.0,-55000000.0
QNP,2026-03-09,0.0,0.0,0.0,0.0,0.0,0.0
QST,2026-03-09,0.0,0.0,0.0,0.0,0.0,0.0
QTC,2026-03-09,0.0,0.0,0.0,0.0,71060000.0,-71060000.0
RAL,2026-03-09,100.0,3500.0,-3400.0,8400000.0,298420000.0,-290020000.0
RCL,2026-03-09,0.0,0.0,0.0,6270000.0,0.0,6270000.0
REE,2026-03-09,584.0,100.0,484.0,35316000.0,5790000.0,29526000.0
RYG,2026-03-09,1100.0,11500.0,-10400.0,11710000.0,121255000.0,-109545000.0
S4A,2026-03-09,0.0,0.0,0.0,0.0,0.0,0.0
S55,2026-03-09,0.0,0.0,0.0,53610000.0,0.0,53610000.0
S99,2026-03-09,0.0,0.0,0.0,0.0,536800.0,-536800.0
SAB,2026-03-09,531200.0,118700.0,412500.0,22598590000.0,5090920000.0,17507670000.0
SAF,2026-03-09,0.0,0.0,0.0,0.0,889100.0,-889100.0
SAM,2026-03-09,0.0,0.0,0.0,0.0,39157610.0,-39157610.0
SAV,2026-03-09,300.0,0.0,300.0,3740000.0,0.0,3740000.0
SBA,2026-03-09,0.0,0.0,0.0,0.0,14400000.0,-14400000.0
SBG,2026-03-09,100.0,900.0,-800.0,1190000.0,10760000.0,-9570000.0
SBT,2026-03-09,15900.0,53500.0,-37600.0,352080000.0,1193160000.0,-841080000.0
SBV,2026-03-09,0.0,300.0,-300.0,0.0,2207000.0,-2207000.0
SC5,2026-03-09,0.0,0.0,0.0,0.0,105350.0,-105350.0
SCG,2026-03-09,0.0,0.0,0.0,78240000.0,0.0,78240000.0
SCI,2026-03-09,0.0,0.0,0.0,0.0,10038600.0,-10038600.0
SCR,2026-03-09,11400.0,225100.0,-213700.0,64359000.0,1260478000.0,-1196119000.0
SCS,2026-03-09,33700.0,158000.0,-124300.0,1750410000.0,8183350000.0,-6432940000.0
SD5,2026-03-09,0.0,1100.0,-1100.0,0.0,7800000.0,-7800000.0
SD9,2026-03-09,900.0,5700.0,-4800.0,9180000.0,60550000.0,-51370000.0
SDA,2026-03-09,0.0,0.0,0.0,0.0,0.0,0.0
SDC,2026-03-09,0.0,0.0,0.0,0.0,71000.0,-71000.0
SDG,2026-03-09,0.0,0.0,0.0,2200000.0,0.0,2200000.0
SDN,2026-03-09,0.0,0.0,0.0,2200000.0,0.0,2200000.0
SDU,2026-03-09,0.0,0.0,0.0,0.0,1710000.0,-1710000.0
SEB,2026-03-09,0.0,0.0,0.0,0.0,170510000.0,-170510000.0
SED,2026-03-09,0.0,0.0,0.0,0.0,15680000.0,-15680000.0
SFC,2026-03-09,0.0,0.0,0.0,0.0,80032000.0,-80032000.0
SFG,2026-03-09,0.0,0.0,0.0,0.0,254100000.0,-254100000.0
SFI,2026-03-09,3500.0,0.0,3500.0,96250000.0,0.0,96250000.0
SFN,2026-03-09,0.0,0.0,0.0,0.0,2160000.0,-2160000.0
SGC,2026-03-09,0.0,800.0,-800.0,0.0,63020000.0,-63020000.0
SGD,2026-03-09,0.0,0.0,0.0,0.0,9600000.0,-9600000.0
SGH,2026-03-09,0.0,0.0,0.0,0.0,21780000.0,-21780000.0
SGN,2026-03-09,30700.0,0.0,30700.0,1631710000.0,0.0,1631710000.0
SGR,2026-03-09,1300.0,0.0,1300.0,20225000.0,0.0,20225000.0
SGT,2026-03-09,0.0,0.0,0.0,0.0,3160000.0,-3160000.0
SHA,2026-03-09,0.0,0.0,0.0,0.0,131950.0,-131950.0
SHB,2026-03-09,881100.0,1556982.0,-675882.0,12653580000.0,22375251700.0,-9721671700.0
SHE,2026-03-09,0.0,0.0,0.0,3960000.0,0.0,3960000.0
SHI,2026-03-09,0.0,29300.0,-29300.0,0.0,400170000.0,-400170000.0
SHN,2026-03-09,0.0,0.0,0.0,0.0,1750000.0,-1750000.0
SHP,2026-03-09,0.0,0.0,0.0,0.0,0.0,0.0
SHS,2026-03-09,6646500.0,205700.0,6440800.0,110365170000.0,3465030000.0,106900140000.0
SIP,2026-03-09,31500.0,50900.0,-19400.0,1714740000.0,2795940000.0,-1081200000.0
SJ1,2026-03-09,0.0,0.0,0.0,0.0,0.0,0.0
SJD,2026-03-09,85000.0,3400.0,81600.0,1179355000.0,47215000.0,1132140000.0
SJE,2026-03-09,0.0,0.0,0.0,0.0,10211400.0,-10211400.0
SJS,2026-03-09,0.0,1500.0,-1500.0,0.0,71095000.0,-71095000.0
SKG,2026-03-09,10000.0,1405.0,8595.0,92800000.0,13048400.0,79751600.0
SLS,2026-03-09,0.0,200.0,-200.0,0.0,31410000.0,-31410000.0
SMA,2026-03-09,0.0,0.0,0.0,14400000.0,25600000.0,-11200000.0
SMB,2026-03-09,906.0,38016.0,-37110.0,34075000.0,1425941000.0,-1391866000.0
SMC,2026-03-09,0.0,0.0,0.0,0.0,1150000.0,-1150000.0
SMN,2026-03-09,0.0,0.0,0.0,0.0,44440000.0,-44440000.0
SMT,2026-03-09,0.0,0.0,0.0,0.0,0.0,0.0
SPC,2026-03-09,0.0,0.0,0.0,0.0,0.0,0.0
SPM,2026-03-09,0.0,0.0,0.0,0.0,21560000.0,-21560000.0
SRA,2026-03-09,0.0,0.0,0.0,0.0,1100000.0,-1100000.0
SRC,2026-03-09,0.0,0.0,0.0,0.0,4855000.0,-4855000.0
SRF,2026-03-09,0.0,2000.0,-2000.0,0.0,14400000.0,-14400000.0
SSB,2026-03-09,108800.0,60000.0,48800.0,1755235000.0,986845000.0,768390000.0
SSC,2026-03-09,0.0,0.0,0.0,0.0,6400000.0,-6400000.0
SSI,2026-03-09,428279.0,221009.0,207270.0,12548794700.0,6477083700.0,6071711000.0
SSM,2026-03-09,0.0,0.0,0.0,0.0,260000.0,-260000.0
ST8,2026-03-09,0.0,0.0,0.0,0.0,23340000.0,-23340000.0
STB,2026-03-09,7477500.0,10064500.0,-2587000.0,456639950000.0,617252230000.0,-160612280000.0
STC,2026-03-09,0.0,0.0,0.0,0.0,17000000.0,-17000000.0
STG,2026-03-09,0.0,0.0,0.0,0.0,11850000.0,-11850000.0
STK,2026-03-09,1500.0,41550.0,-40050.0,21500000.0,596805000.0,-575305000.0
STP,2026-03-09,0.0,0.0,0.0,0.0,29970000.0,-29970000.0
SVC,2026-03-09,500.0,0.0,500.0,9225000.0,0.0,9225000.0
SVD,2026-03-09,0.0,0.0,0.0,0.0,1713000.0,-1713000.0
SVN,2026-03-09,0.0,600.0,-600.0,0.0,1080000.0,-1080000.0
SVT,2026-03-09,0.0,0.0,0.0,0.0,2260000.0,-2260000.0
SZB,2026-03-09,0.0,0.0,0.0,0.0,0.0,0.0
SZC,2026-03-09,5500.0,10800.0,-5300.0,156070000.0,306790000.0,-150720000.0
SZL,2026-03-09,0.0,0.0,0.0,0.0,452115000.0,-452115000.0
TA9,2026-03-09,0.0,0.0,0.0,0.0,0.0,0.0
TAL,2026-03-09,122800.0,65200.0,57600.0,4841805000.0,2570765000.0,2271040000.0
TBC,2026-03-09,0.0,0.0,0.0,54000000.0,0.0,54000000.0
TCB,2026-03-09,7301445.0,5766734.0,1534711.0,226222602000.0,181332344800.0,44890257200.0
TCD,2026-03-09,0.0,0.0,0.0,43400000.0,4094000.0,39306000.0
TCH,2026-03-09,1565800.0,1158365.0,407435.0,20141765000.0,14920635250.0,5221129750.0
TCI,2026-03-09,4300.0,0.0,4300.0,35260000.0,0.0,35260000.0
TCL,2026-03-09,0.0,3600.0,-3600.0,0.0,118905000.0,-118905000.0
TCM,2026-03-09,15000.0,0.0,15000.0,357940000.0,0.0,357940000.0
TCO,2026-03-09,0.0,0.0,0.0,0.0,824000.0,-824000.0
TCR,2026-03-09,0.0,0.0,0.0,0.0,538000.0,-538000.0
TCT,2026-03-09,0.0,0.0,0.0,0.0,1920000.0,-1920000.0
TCX,2026-03-09,109800.0,119600.0,-9800.0,5699660000.0,6207940000.0,-508280000.0
TD6,2026-03-09,0.0,0.0,0.0,0.0,0.0,0.0
TDC,2026-03-09,1900.0,16700.0,-14800.0,20255000.0,180570000.0,-160315000.0
TDG,2026-03-09,0.0,0.0,0.0,0.0,8220.0,-8220.0
TDH,2026-03-09,0.0,0.0,0.0,0.0,38148000.0,-38148000.0
TDM,2026-03-09,2000.0,800.0,1200.0,111900000.0,46320000.0,65580000.0
TDP,2026-03-09,27700.0,2500.0,25200.0,798160000.0,72210000.0,725950000.0
TDT,2026-03-09,0.0,0.0,0.0,0.0,30550000.0,-30550000.0
TDW,2026-03-09,0.0,0.0,0.0,0.0,42850000.0,-42850000.0
TEG,2026-03-09,700.0,0.0,700.0,3954000.0,0.0,3954000.0
TET,2026-03-09,0.0,0.0,0.0,0.0,0.0,0.0
TFC,2026-03-09,200.0,1800.0,-1600.0,7800000.0,70920000.0,-63120000.0
THB,2026-03-09,0.0,0.0,0.0,0.0,32200000.0,-32200000.0
THD,2026-03-09,100.0,100.0,0.0,2950000.0,2980000.0,-30000.0
THG,2026-03-09,0.0,0.0,0.0,0.0,62655000.0,-62655000.0
THS,2026-03-09,0.0,0.0,0.0,0.0,0.0,0.0
THT,2026-03-09,4600.0,0.0,4600.0,43440000.0,0.0,43440000.0
TIG,2026-03-09,3600.0,2600.0,1000.0,25010000.0,18710000.0,6300000.0
TIP,2026-03-09,5000.0,2800.0,2200.0,89500000.0,49930000.0,39570000.0
TIX,2026-03-09,0.0,0.0,0.0,0.0,21500000.0,-21500000.0
TJC,2026-03-09,0.0,0.0,0.0,0.0,15000000.0,-15000000.0
TKU,2026-03-09,0.0,0.0,0.0,0.0,12330000.0,-12330000.0
TLD,2026-03-09,0.0,0.0,0.0,56279000.0,95794000.0,-39515000.0
TLG,2026-03-09,156300.0,80600.0,75700.0,7897360000.0,4092600000.0,3804760000.0
TLH,2026-03-09,0.0,0.0,0.0,28620000.0,39711000.0,-11091000.0
TMB,2026-03-09,0.0,0.0,0.0,0.0,0.0,0.0
TMC,2026-03-09,0.0,0.0,0.0,0.0,0.0,0.0
TMP,2026-03-09,300.0,0.0,300.0,16530000.0,0.0,16530000.0
TMS,2026-03-09,0.0,10.0,-10.0,0.0,408000.0,-408000.0
TMT,2026-03-09,0.0,0.0,0.0,5660000.0,0.0,5660000.0
TMX,2026-03-09,0.0,0.0,0.0,0.0,9850000.0,-9850000.0
TN1,2026-03-09,0.0,0.0,0.0,0.0,4890000.0,-4890000.0
TNC,2026-03-09,0.0,0.0,0.0,0.0,8870000.0,-8870000.0
TNG,2026-03-09,161900.0,209468.0,-47568.0,3604450000.0,4611986200.0,-1007536200.0
TNH,2026-03-09,83905.0,0.0,83905.0,895453250.0,0.0,895453250.0
TNI,2026-03-09,0.0,0.0,0.0,0.0,1010000.0,-1010000.0
TNT,2026-03-09,0.0,0.0,0.0,20550000.0,1075000.0,19475000.0
TOT,2026-03-09,800.0,0.0,800.0,12120000.0,0.0,12120000.0
TPB,2026-03-09,852886.0,2195600.0,-1342714.0,13412830200.0,34528290000.0,-21115459800.0
TPC,2026-03-09,0.0,0.0,0.0,1370000.0,0.0,1370000.0
TPP,2026-03-09,100.0,0.0,100.0,1000000.0,0.0,1000000.0
TRA,2026-03-09,100.0,400.0,-300.0,6880000.0,27610000.0,-20730000.0
TRC,2026-03-09,7300.0,21700.0,-14400.0,519190000.0,1543020000.0,-1023830000.0
TSA,2026-03-09,0.0,1500.0,-1500.0,0.0,22650000.0,-22650000.0
TSB,2026-03-09,100.0,0.0,100.0,2380000.0,0.0,2380000.0
TSC,2026-03-09,0.0,0.0,0.0,0.0,188760.0,-188760.0
TTA,2026-03-09,0.0,9700.0,-9700.0,0.0,99910000.0,-99910000.0
TTC,2026-03-09,0.0,0.0,0.0,1050000.0,0.0,1050000.0
TTE,2026-03-09,0.0,0.0,0.0,0.0,0.0,0.0
TTF,2026-03-09,10600.0,157200.0,-146600.0,27556000.0,408154000.0,-380598000.0
TTH,2026-03-09,0.0,0.0,0.0,240000.0,0.0,240000.0
TTL,2026-03-09,500.0,0.0,500.0,3750000.0,0.0,3750000.0
TTT,2026-03-09,0.0,0.0,0.0,0.0,476000000.0,-476000000.0
TV2,2026-03-09,500.0,0.0,500.0,17375000.0,0.0,17375000.0
TV3,2026-03-09,0.0,0.0,0.0,0.0,1650000.0,-1650000.0
TV4,2026-03-09,0.0,0.0,0.0,0.0,1305000.0,-1305000.0
TVB,2026-03-09,1100.0,0.0,1100.0,8063000.0,0.0,8063000.0
TVC,2026-03-09,0.0,4600.0,-4600.0,0.0,35240000.0,-35240000.0
TVD,2026-03-09,0.0,0.0,0.0,0.0,2380000.0,-2380000.0
TVS,2026-03-09,243164.0,221700.0,21464.0,3283714000.0,2997740000.0,285974000.0
TVT,2026-03-09,0.0,0.0,0.0,0.0,0.0,0.0
TXM,2026-03-09,0.0,0.0,0.0,5000000.0,0.0,5000000.0
TYA,2026-03-09,15500.0,5400.0,10100.0,278575000.0,92965000.0,185610000.0
UIC,2026-03-09,0.0,17140.0,-17140.0,0.0,983882000.0,-983882000.0
UNI,2026-03-09,0.0,0.0,0.0,0.0,0.0,0.0
V12,2026-03-09,0.0,0.0,0.0,0.0,5600000.0,-5600000.0
V21,2026-03-09,0.0,0.0,0.0,0.0,0.0,0.0
VAB,2026-03-09,49000.0,0.0,49000.0,465435000.0,0.0,465435000.0
VAF,2026-03-09,100.0,0.0,100.0,2050000.0,0.0,2050000.0
VBC,2026-03-09,0.0,0.0,0.0,0.0,8400000.0,-8400000.0
VC1,2026-03-09,0.0,0.0,0.0,0.0,0.0,0.0
VC2,2026-03-09,0.0,21600.0,-21600.0,0.0,102580000.0,-102580000.0
VC3,2026-03-09,26500.0,115500.0,-89000.0,673230000.0,2942280000.0,-2269050000.0
VC6,2026-03-09,0.0,0.0,0.0,10300000.0,0.0,10300000.0
VC7,2026-03-09,0.0,0.0,0.0,12450000.0,0.0,12450000.0
VC9,2026-03-09,0.0,0.0,0.0,7600000.0,0.0,7600000.0
VCA,2026-03-09,0.0,0.0,0.0,0.0,4100000.0,-4100000.0
VCB,2026-03-09,4143010.0,3600600.0,542410.0,238435469000.0,206902130000.0,31533339000.0
VCC,2026-03-09,0.0,0.0,0.0,0.0,0.0,0.0
VCF,2026-03-09,500.0,4560.0,-4060.0,151720000.0,1375223500.0,-1223503500.0
VCG,2026-03-09,432300.0,472500.0,-40200.0,8109525000.0,8966045000.0,-856520000.0
VCI,2026-03-09,254800.0,37825.0,216975.0,9007180000.0,1361512500.0,7645667500.0
VCK,2026-03-09,111340.0,77800.0,33540.0,5057484000.0,3547570000.0,1509914000.0
VCM,2026-03-09,0.0,0.0,0.0,0.0,0.0,0.0
VCS,2026-03-09,5800.0,0.0,5800.0,229990000.0,0.0,229990000.0
VDL,2026-03-09,0.0,0.0,0.0,980000.0,0.0,980000.0
VDP,2026-03-09,0.0,0.0,0.0,0.0,9980000.0,-9980000.0
VDS,2026-03-09,200.0,14500.0,-14300.0,3160000.0,229330000.0,-226170000.0
VE1,2026-03-09,100.0,0.0,100.0,360000.0,0.0,360000.0
VE3,2026-03-09,0.0,0.0,0.0,0.0,0.0,0.0
VE4,2026-03-09,0.0,0.0,0.0,0.0,0.0,0.0
VFG,2026-03-09,0.0,0.0,0.0,0.0,5330000.0,-5330000.0
VFS,2026-03-09,12802.0,411700.0,-398898.0,180327600.0,5850060000.0,-5669732400.0
VGC,2026-03-09,26900.0,48100.0,-21200.0,1156165000.0,2059460000.0,-903295000.0
VGP,2026-03-09,0.0,0.0,0.0,0.0,28000.0,-28000.0
VGS,2026-03-09,8800.0,31300.0,-22500.0,211480000.0,748860000.0,-537380000.0
VHC,2026-03-09,75600.0,248000.0,-172400.0,4174050000.0,13665010000.0,-9490960000.0
VHE,2026-03-09,0.0,0.0,0.0,0.0,0.0,0.0
VHL,2026-03-09,0.0,0.0,0.0,1030000.0,0.0,1030000.0
VHM,2026-03-09,1345012.0,3344500.0,-1999488.0,119563571800.0,295849770000.0,-176286198200.0
VIB,2026-03-09,436900.0,498900.0,-62000.0,6849405000.0,7822790000.0,-973385000.0
VIC,2026-03-09,2772565.0,2754053.0,18512.0,405237454000.0,402215066900.0,3022387100.0
VID,2026-03-09,0.0,0.0,0.0,0.0,2500000.0,-2500000.0
VIF,2026-03-09,0.0,0.0,0.0,0.0,0.0,0.0
VIG,2026-03-09,0.0,0.0,0.0,0.0,2650000.0,-2650000.0
VIP,2026-03-09,0.0,43400.0,-43400.0,0.0,533800000.0,-533800000.0
VIT,2026-03-09,0.0,0.0,0.0,0.0,2190000.0,-2190000.0
VIX,2026-03-09,871520.0,581900.0,289620.0,14356609000.0,9614020000.0,4742589000.0
VJC,2026-03-09,201830.0,265800.0,-63970.0,29852170000.0,39172940000.0,-9320770000.0
VLA,2026-03-09,0.0,0.0,0.0,0.0,26700.0,-26700.0
VMC,2026-03-09,0.0,0.0,0.0,0.0,1458800.0,-1458800.0
VMD,2026-03-09,0.0,1000.0,-1000.0,0.0,15000000.0,-15000000.0
VMS,2026-03-09,0.0,0.0,0.0,0.0,20440000.0,-20440000.0
VNC,2026-03-09,0.0,0.0,0.0,0.0,28000000.0,-28000000.0
VND,2026-03-09,19900.0,572200.0,-552300.0,336320000.0,9671080000.0,-9334760000.0
VNE,2026-03-09,0.0,0.0,0.0,4518000.0,0.0,4518000.0
VNF,2026-03-09,700.0,0.0,700.0,10020000.0,0.0,10020000.0
VNG,2026-03-09,0.0,0.0,0.0,1360000.0,0.0,1360000.0
VNL,2026-03-09,0.0,600.0,-600.0,0.0,12125000.0,-12125000.0
VNM,2026-03-09,5090999.0,3022529.0,2068470.0,296502094200.0,176155150700.0,120346943500.0
VNR,2026-03-09,20900.0,2700.0,18200.0,422230000.0,54830000.0,367400000.0
VNS,2026-03-09,4800.0,0.0,4800.0,42264000.0,0.0,42264000.0
VNT,2026-03-09,0.0,0.0,0.0,0.0,380115200.0,-380115200.0
VOS,2026-03-09,78605.0,69800.0,8805.0,1180170250.0,1043510000.0,136660250.0
VPB,2026-03-09,4810953.0,4459600.0,351353.0,119313229400.0,110634155000.0,8679074400.0
VPD,2026-03-09,0.0,0.0,0.0,2580000.0,0.0,2580000.0
VPG,2026-03-09,7500.0,6900.0,600.0,35360000.0,31472000.0,3888000.0
VPH,2026-03-09,0.0,2305.0,-2305.0,0.0,8626820.0,-8626820.0
VPI,2026-03-09,503600.0,134000.0,369600.0,27894990000.0,7502970000.0,20392020000.0
VPL,2026-03-09,206500.0,544200.0,-337700.0,14780680000.0,38880470000.0,-24099790000.0
VPS,2026-03-09,0.0,0.0,0.0,0.0,8100000.0,-8100000.0
VPX,2026-03-09,100.0,0.0,100.0,2905000.0,0.0,2905000.0
VRC,2026-03-09,0.0,400.0,-400.0,0.0,5280000.0,-5280000.0
VRE,2026-03-09,129550.0,936600.0,-807050.0,3170457750.0,22905890000.0,-19735432250.0
VSA,2026-03-09,0.0,0.0,0.0,0.0,11500000.0,-11500000.0
VSC,2026-03-09,5000.0,3000.0,2000.0,113395000.0,67985000.0,45410000.0
VSH,2026-03-09,900.0,200.0,700.0,38180000.0,8640000.0,29540000.0
VSI,2026-03-09,0.0,0.0,0.0,5190000.0,0.0,5190000.0
VSM,2026-03-09,0.0,0.0,0.0,1490000.0,0.0,1490000.0
VTB,2026-03-09,0.0,0.0,0.0,1455000.0,0.0,1455000.0
VTC,2026-03-09,0.0,0.0,0.0,0.0,1210000.0,-1210000.0
VTH,2026-03-09,0.0,0.0,0.0,0.0,0.0,0.0
VTJ,2026-03-09,0.0,0.0,0.0,2000000.0,0.0,2000000.0
VTO,2026-03-09,38300.0,36000.0,2300.0,459340000.0,441310000.0,18030000.0
VTP,2026-03-09,8800.0,27500.0,-18700.0,799080000.0,2498130000.0,-1699050000.0
VTV,2026-03-09,1500.0,0.0,1500.0,21750000.0,0.0,21750000.0
VTZ,2026-03-09,14100.0,22100.0,-8000.0,283850000.0,446550000.0,-162700000.0
VVS,2026-03-09,24900.0,100.0,24800.0,3315650000.0,13380000.0,3302270000.0
WCS,2026-03-09,0.0,0.0,0.0,0.0,2208800.0,-2208800.0
WSS,2026-03-09,0.0,100.0,-100.0,0.0,640000.0,-640000.0
X20,2026-03-09,0.0,0.0,0.0,0.0,1280000.0,-1280000.0
YBM,2026-03-09,0.0,0.0,0.0,0.0,3510000.0,-3510000.0
YEG,2026-03-09,30852.0,0.0,30852.0,348714200.0,0.0,348714200.0
AAA,2026-03-10,13300.0,44000.0,-30700.0,92816000.0,309997000.0,-217181000.0
AAM,2026-03-10,0.0,0.0,0.0,0.0,625000.0,-625000.0
AAT,2026-03-10,0.0,0.0,0.0,0.0,927000.0,-927000.0
AAV,2026-03-10,2500.0,2500.0,0.0,15000000.0,15000000.0,0.0
ABR,2026-03-10,0.0,0.0,0.0,1285000.0,0.0,1285000.0
ABS,2026-03-10,0.0,0.0,0.0,0.0,0.0,0.0
ABT,2026-03-10,0.0,0.0,0.0,0.0,31670000.0,-31670000.0
ACB,2026-03-10,1441300.0,896800.0,544500.0,32408075000.0,20205540000.0,12202535000.0
ACC,2026-03-10,0.0,0.0,0.0,0.0,207750.0,-207750.0
ACG,2026-03-10,0.0,400.0,-400.0,0.0,13840000.0,-13840000.0
ACL,2026-03-10,0.0,300.0,-300.0,0.0,3915000.0,-3915000.0
ADC,2026-03-10,0.0,0.0,0.0,0.0,0.0,0.0
ADG,2026-03-10,0.0,0.0,0.0,0.0,10000000000.0,-10000000000.0
ADP,2026-03-10,600.0,400.0,200.0,14100000.0,9400000.0,4700000.0
ADS,2026-03-10,0.0,4200.0,-4200.0,0.0,34020000.0,-34020000.0
AFX,2026-03-10,0.0,0.0,0.0,0.0,0.0,0.0
AGG,2026-03-10,2900.0,29200.0,-26300.0,36540000.0,373725000.0,-337185000.0
AGR,2026-03-10,10600.0,269400.0,-258800.0,153780000.0,3999210000.0,-3845430000.0
ALT,2026-03-10,0.0,0.0,0.0,0.0,0.0,0.0
AMC,2026-03-10,0.0,0.0,0.0,0.0,2540000.0,-2540000.0
AME,2026-03-10,0.0,0.0,0.0,1220000.0,1220000.0,0.0
AMV,2026-03-10,0.0,0.0,0.0,0.0,180000.0,-180000.0
ANT,2026-03-10,0.0,0.0,0.0,0.0,0.0,0.0
ANV,2026-03-10,134200.0,29900.0,104300.0,2977155000.0,688525000.0,2288630000.0
APG,2026-03-10,200.0,0.0,200.0,1766000.0,0.0,1766000.0
APH,2026-03-10,0.0,0.0,0.0,17417000.0,0.0,17417000.0
API,2026-03-10,11000.0,1500.0,9500.0,60860000.0,8550000.0,52310000.0
APS,2026-03-10,17600.0,10900.0,6700.0,113410000.0,68670000.0,44740000.0
ARM,2026-03-10,0.0,0.0,0.0,0.0,26200000.0,-26200000.0
ASG,2026-03-10,0.0,100.0,-100.0,0.0,1675000.0,-1675000.0
ASM,2026-03-10,10700.0,28200.0,-17500.0,59686000.0,157547000.0,-97861000.0
ASP,2026-03-10,0.0,0.0,0.0,14400000.0,0.0,14400000.0
AST,2026-03-10,300.0,400.0,-100.0,21150000.0,29200000.0,-8050000.0
ATS,2026-03-10,0.0,0.0,0.0,0.0,3560000.0,-3560000.0
BAB,2026-03-10,1200.0,1000.0,200.0,13440000.0,10800000.0,2640000.0
BAF,2026-03-10,34800.0,8500.0,26300.0,1194985000.0,293550000.0,901435000.0
BAX,2026-03-10,0.0,0.0,0.0,0.0,3350000.0,-3350000.0
BBS,2026-03-10,0.0,0.0,0.0,0.0,2580000.0,-2580000.0
BCC,2026-03-10,8600.0,0.0,8600.0,60110000.0,0.0,60110000.0
BCE,2026-03-10,0.0,0.0,0.0,2200000.0,1055000.0,1145000.0
BCF,2026-03-10,0.0,0.0,0.0,0.0,0.0,0.0
BCG,2026-03-10,0.0,0.0,0.0,157624000.0,366411000.0,-208787000.0
BCM,2026-03-10,27500.0,115500.0,-88000.0,1494820000.0,6339650000.0,-4844830000.0
BED,2026-03-10,0.0,0.0,0.0,0.0,0.0,0.0
BFC,2026-03-10,29201.0,12300.0,16901.0,2031181400.0,855260000.0,1175921400.0
BHN,2026-03-10,0.0,0.0,0.0,12700000.0,0.0,12700000.0
BIC,2026-03-10,3812.0,29100.0,-25288.0,85256200.0,654555000.0,-569298800.0
BID,2026-03-10,580764.0,1275500.0,-694736.0,24074949600.0,53391070000.0,-29316120400.0
BKC,2026-03-10,0.0,0.0,0.0,0.0,0.0,0.0
BKG,2026-03-10,0.0,0.0,0.0,245000.0,0.0,245000.0
BMC,2026-03-10,0.0,0.0,0.0,0.0,6925000.0,-6925000.0
BMI,2026-03-10,65700.0,230986.0,-165286.0,1085720000.0,3824056700.0,-2738336700.0
BMP,2026-03-10,40420.0,27900.0,12520.0,5820689000.0,4021500000.0,1799189000.0
BNA,2026-03-10,0.0,0.0,0.0,3050000.0,0.0,3050000.0
BPC,2026-03-10,0.0,0.0,0.0,0.0,0.0,0.0
BRC,2026-03-10,0.0,0.0,0.0,0.0,2560000.0,-2560000.0
BSI,2026-03-10,51500.0,144500.0,-93000.0,1784995000.0,5089190000.0,-3304195000.0
BSR,2026-03-10,3828410.0,723300.0,3105110.0,140030821000.0,26865390000.0,113165431000.0
BTP,2026-03-10,0.0,0.0,0.0,4800000.0,0.0,4800000.0
BTS,2026-03-10,0.0,300.0,-300.0,0.0,1500000.0,-1500000.0
BTT,2026-03-10,0.0,0.0,0.0,0.0,13600000.0,-13600000.0
BTW,2026-03-10,0.0,0.0,0.0,0.0,275700000.0,-275700000.0
BVH,2026-03-10,58900.0,84974.0,-26074.0,4281130000.0,6210758400.0,-1929628400.0
BVS,2026-03-10,0.0,54100.0,-54100.0,0.0,1494790000.0,-1494790000.0
BWE,2026-03-10,8200.0,15600.0,-7400.0,351150000.0,668575000.0,-317425000.0
BXH,2026-03-10,0.0,0.0,0.0,0.0,0.0,0.0
C32,2026-03-10,0.0,0.0,0.0,0.0,1259600.0,-1259600.0
C47,2026-03-10,0.0,0.0,0.0,0.0,4805000.0,-4805000.0
C69,2026-03-10,1000.0,21300.0,-20300.0,15700000.0,335060000.0,-319360000.0
CAG,2026-03-10,0.0,0.0,0.0,0.0,13860000.0,-13860000.0
CAN,2026-03-10,0.0,0.0,0.0,0.0,2800000.0,-2800000.0
CAP,2026-03-10,0.0,0.0,0.0,0.0,11422600.0,-11422600.0
CAR,2026-03-10,0.0,0.0,0.0,0.0,0.0,0.0
CCC,2026-03-10,0.0,0.0,0.0,0.0,0.0,0.0
CCI,2026-03-10,0.0,0.0,0.0,0.0,0.0,0.0
CCL,2026-03-10,3600.0,700.0,2900.0,16970000.0,3416000.0,13554000.0
CCR,2026-03-10,0.0,0.0,0.0,0.0,2820000.0,-2820000.0
CDC,2026-03-10,0.0,2200.0,-2200.0,0.0,48365000.0,-48365000.0
CDN,2026-03-10,400.0,500.0,-100.0,12600000.0,15500000.0,-2900000.0
CEO,2026-03-10,313600.0,708400.0,-394800.0,4510500000.0,10320400000.0,-5809900000.0
CET,2026-03-10,0.0,0.0,0.0,0.0,8550000.0,-8550000.0
CHP,2026-03-10,0.0,0.0,0.0,0.0,5095366750.0,-5095366750.0
CIA,2026-03-10,0.0,0.0,0.0,13640000.0,0.0,13640000.0
CIG,2026-03-10,0.0,0.0,0.0,0.0,52282000.0,-52282000.0
CII,2026-03-10,338309.0,1023500.0,-685191.0,5049031350.0,15481665000.0,-10432633650.0
CJC,2026-03-10,0.0,0.0,0.0,0.0,7200000.0,-7200000.0
CKG,2026-03-10,0.0,2900.0,-2900.0,0.0,25259000.0,-25259000.0
CKV,2026-03-10,0.0,0.0,0.0,0.0,44640000.0,-44640000.0
CLC,2026-03-10,0.0,0.0,0.0,10450000.0,11000000.0,-550000.0
CLH,2026-03-10,0.0,0.0,0.0,0.0,42220000.0,-42220000.0
CLL,2026-03-10,0.0,0.0,0.0,29250000.0,12030000.0,17220000.0
CLM,2026-03-10,0.0,0.0,0.0,0.0,0.0,0.0
CLW,2026-03-10,0.0,0.0,0.0,5440000.0,0.0,5440000.0
CMC,2026-03-10,0.0,0.0,0.0,0.0,12600000.0,-12600000.0
CMG,2026-03-10,51330.0,96100.0,-44770.0,1503676000.0,2827685000.0,-1324009000.0
CMS,2026-03-10,0.0,0.0,0.0,0.0,0.0,0.0
CMV,2026-03-10,0.0,0.0,0.0,0.0,14400000.0,-14400000.0
CMX,2026-03-10,0.0,3400.0,-3400.0,0.0,21008000.0,-21008000.0
CNG,2026-03-10,0.0,700.0,-700.0,0.0,16800000.0,-16800000.0
COM,2026-03-10,0.0,0.0,0.0,3400000.0,0.0,3400000.0
CPC,2026-03-10,0.0,0.0,0.0,0.0,3370000.0,-3370000.0
CRC,2026-03-10,125500.0,45600.0,79900.0,1104662000.0,405495000.0,699167000.0
CRE,2026-03-10,0.0,800.0,-800.0,0.0,5512000.0,-5512000.0
CRV,2026-03-10,0.0,0.0,0.0,137500.0,0.0,137500.0
CSC,2026-03-10,0.0,0.0,0.0,0.0,0.0,0.0
CSM,2026-03-10,8000.0,12100.0,-4100.0,92000000.0,144595000.0,-52595000.0
CST,2026-03-10,0.0,0.0,0.0,0.0,1063930000.0,-1063930000.0
CSV,2026-03-10,127700.0,111100.0,16600.0,3499300000.0,3147915000.0,351385000.0
CTB,2026-03-10,0.0,0.0,0.0,9900000.0,1700000.0,8200000.0
CTD,2026-03-10,800.0,200.0,600.0,60160000.0,15300000.0,44860000.0
CTF,2026-03-10,2901.0,0.0,2901.0,52943350.0,0.0,52943350.0
CTG,2026-03-10,3644006.0,3022678.0,621328.0,126595938500.0,104057800800.0,22538137700.0
CTI,2026-03-10,23800.0,90700.0,-66900.0,540245000.0,2071445000.0,-1531200000.0
CTP,2026-03-10,0.0,0.0,0.0,60000000.0,0.0,60000000.0
CTR,2026-03-10,54010.0,118300.0,-64290.0,4290039500.0,9394050000.0,-5104010500.0
CTS,2026-03-10,49700.0,326200.0,-276500.0,1369760000.0,9267125000.0,-7897365000.0
CTT,2026-03-10,0.0,0.0,0.0,0.0,0.0,0.0
CVT,2026-03-10,0.0,0.0,0.0,0.0,10600000.0,-10600000.0
CX8,2026-03-10,0.0,0.0,0.0,0.0,0.0,0.0
D11,2026-03-10,0.0,0.0,0.0,0.0,0.0,0.0
D2D,2026-03-10,3400.0,2000.0,1400.0,121820000.0,73200000.0,48620000.0
DAD,2026-03-10,0.0,0.0,0.0,0.0,1800000.0,-1800000.0
DAE,2026-03-10,0.0,0.0,0.0,0.0,1370000.0,-1370000.0
DAH,2026-03-10,0.0,0.0,0.0,0.0,69000.0,-69000.0
DAT,2026-03-10,0.0,0.0,0.0,0.0,0.0,0.0
DBC,2026-03-10,73300.0,711500.0,-638200.0,1700625000.0,16526540000.0,-14825915000.0
DBD,2026-03-10,0.0,0.0,0.0,47520000.0,74660000.0,-27140000.0
DBT,2026-03-10,0.0,0.0,0.0,0.0,14429550.0,-14429550.0
DC2,2026-03-10,0.0,0.0,0.0,0.0,353800.0,-353800.0
DC4,2026-03-10,8800.0,0.0,8800.0,79220000.0,0.0,79220000.0
DCL,2026-03-10,0.0,0.0,0.0,0.0,22960000.0,-22960000.0
DCM,2026-03-10,1851600.0,813500.0,1038100.0,89666700000.0,39851085000.0,49815615000.0
DDG,2026-03-10,0.0,0.0,0.0,5500000.0,0.0,5500000.0
DGC,2026-03-10,514060.0,74520.0,439540.0,38362744000.0,5566138000.0,32796606000.0
DGW,2026-03-10,360900.0,480100.0,-119200.0,14891320000.0,19982720000.0,-5091400000.0
DHA,2026-03-10,7800.0,12000.0,-4200.0,402850000.0,621990000.0,-219140000.0
DHC,2026-03-10,62300.0,97700.0,-35400.0,2158570000.0,3367865000.0,-1209295000.0
DHG,2026-03-10,1500.0,0.0,1500.0,150390000.0,0.0,150390000.0
DHM,2026-03-10,0.0,0.0,0.0,0.0,5942900.0,-5942900.0
DHP,2026-03-10,0.0,0.0,0.0,0.0,5850000.0,-5850000.0
DHT,2026-03-10,0.0,300.0,-300.0,0.0,20430000.0,-20430000.0
DIG,2026-03-10,1325380.0,1210200.0,115180.0,16714448000.0,15254625000.0,1459823000.0
DIH,2026-03-10,0.0,0.0,0.0,0.0,0.0,0.0
DL1,2026-03-10,19600.0,0.0,19600.0,88200000.0,0.0,88200000.0
DLG,2026-03-10,71000.0,496100.0,-425100.0,175988000.0,1236404000.0,-1060416000.0
DMC,2026-03-10,0.0,0.0,0.0,11960000.0,0.0,11960000.0
DNC,2026-03-10,0.0,0.0,0.0,0.0,0.0,0.0
DNP,2026-03-10,0.0,0.0,0.0,0.0,19400000.0,-19400000.0
DP3,2026-03-10,0.0,0.0,0.0,0.0,285630000.0,-285630000.0
DPG,2026-03-10,95300.0,261700.0,-166400.0,3860505000.0,10592395000.0,-6731890000.0
DPM,2026-03-10,1591320.0,706521.0,884799.0,49506725000.0,21942052100.0,27564672900.0
DPR,2026-03-10,51800.0,220800.0,-169000.0,2082075000.0,8921170000.0,-6839095000.0
DQC,2026-03-10,0.0,0.0,0.0,905000.0,3780000.0,-2875000.0
DRC,2026-03-10,0.0,0.0,0.0,0.0,4695000.0,-4695000.0
DRH,2026-03-10,13700.0,66200.0,-52500.0,34200000.0,163621000.0,-129421000.0
DRL,2026-03-10,0.0,0.0,0.0,0.0,96900000.0,-96900000.0
DS3,2026-03-10,0.0,0.0,0.0,11600000.0,0.0,11600000.0
DSC,2026-03-10,700.0,700.0,0.0,8820000.0,9170000.0,-350000.0
DSE,2026-03-10,31800.0,11800.0,20000.0,746510000.0,275530000.0,470980000.0
DSN,2026-03-10,0.0,0.0,0.0,4130000.0,0.0,4130000.0
DST,2026-03-10,0.0,0.0,0.0,0.0,2220000.0,-2220000.0
DTA,2026-03-10,0.0,0.0,0.0,9020000.0,0.0,9020000.0
DTD,2026-03-10,9300.0,26400.0,-17100.0,145960000.0,416720000.0,-270760000.0
DTG,2026-03-10,0.0,0.0,0.0,6260000.0,0.0,6260000.0
DTK,2026-03-10,0.0,0.0,0.0,53000000.0,25780000.0,27220000.0
DTL,2026-03-10,0.0,0.0,0.0,1110000.0,0.0,1110000.0
DTT,2026-03-10,0.0,0.0,0.0,15600000.0,0.0,15600000.0
DVM,2026-03-10,0.0,0.0,0.0,0.0,0.0,0.0
DVP,2026-03-10,2100.0,0.0,2100.0,146880000.0,0.0,146880000.0
DXG,2026-03-10,9270.0,3022510.0,-3013240.0,122333750.0,39751527000.0,-39629193250.0
DXP,2026-03-10,83500.0,0.0,83500.0,998930000.0,0.0,998930000.0
DXS,2026-03-10,38700.0,464900.0,-426200.0,230143000.0,2793789000.0,-2563646000.0
DXV,2026-03-10,0.0,0.0,0.0,399000.0,0.0,399000.0
EBS,2026-03-10,0.0,0.0,0.0,0.0,30780000.0,-30780000.0
ECI,2026-03-10,0.0,0.0,0.0,0.0,0.0,0.0
EIB,2026-03-10,325070.0,1546400.0,-1221330.0,6809668400.0,32552605000.0,-25742936600.0
EID,2026-03-10,0.0,0.0,0.0,0.0,8880000.0,-8880000.0
ELC,2026-03-10,62500.0,231100.0,-168600.0,1083015000.0,4048905000.0,-2965890000.0
EVE,2026-03-10,200.0,900.0,-700.0,2005000.0,8964000.0,-6959000.0
EVF,2026-03-10,336005.0,947200.0,-611195.0,4358349500.0,12295565000.0,-7937215500.0
EVG,2026-03-10,59700.0,20000.0,39700.0,358320000.0,121884000.0,236436000.0
EVS,2026-03-10,12300.0,5500.0,6800.0,62130000.0,27830000.0,34300000.0
FCM,2026-03-10,0.0,1000.0,-1000.0,0.0,3400000.0,-3400000.0
FCN,2026-03-10,45000.0,97800.0,-52800.0,502855000.0,1108480000.0,-605625000.0
FDC,2026-03-10,0.0,0.0,0.0,0.0,1580000.0,-1580000.0
FID,2026-03-10,0.0,0.0,0.0,0.0,0.0,0.0
FIR,2026-03-10,4300.0,3600.0,700.0,19995000.0,17536000.0,2459000.0
FIT,2026-03-10,0.0,0.0,0.0,0.0,28320.0,-28320.0
FMC,2026-03-10,8800.0,4600.0,4200.0,341765000.0,182175000.0,159590000.0
FPT,2026-03-10,3147436.0,1251435.0,1896001.0,246133338700.0,97954832500.0,148178506200.0
FRT,2026-03-10,97550.0,25100.0,72450.0,14119134000.0,3642940000.0,10476194000.0
FTS,2026-03-10,44600.0,76800.0,-32200.0,1237650000.0,2152015000.0,-914365000.0
GAS,2026-03-10,273700.0,51910.0,221790.0,28523470000.0,5419350000.0,23104120000.0
GDT,2026-03-10,0.0,0.0,0.0,9500000.0,0.0,9500000.0
GDW,2026-03-10,0.0,0.0,0.0,3500000.0,0.0,3500000.0
GEE,2026-03-10,11403.0,15800.0,-4397.0,1745314500.0,2387330000.0,-642015500.0
GEG,2026-03-10,0.0,31700.0,-31700.0,0.0,470840000.0,-470840000.0
GEL,2026-03-10,10000.0,500.0,9500.0,327000000.0,16125000.0,310875000.0
GEX,2026-03-10,160066.0,2624000.0,-2463934.0,5299720300.0,87206400000.0,-81906679700.0
GHC,2026-03-10,0.0,0.0,0.0,125840000.0,0.0,125840000.0
GIC,2026-03-10,0.0,400.0,-400.0,0.0,4320000.0,-4320000.0
GIL,2026-03-10,9200.0,7800.0,1400.0,129900000.0,109260000.0,20640000.0
GKM,2026-03-10,0.0,0.0,0.0,3360000.0,480000.0,2880000.0
GLT,2026-03-10,0.0,0.0,0.0,0.0,28600000.0,-28600000.0
GMA,2026-03-10,0.0,0.0,0.0,0.0,0.0,0.0
GMD,2026-03-10,645510.0,663400.0,-17890.0,46784226000.0,48191440000.0,-1407214000.0
GMH,2026-03-10,0.0,0.0,0.0,2364000.0,0.0,2364000.0
GMX,2026-03-10,0.0,0.0,0.0,7530000.0,0.0,7530000.0
GSP,2026-03-10,0.0,0.0,0.0,0.0,672000.0,-672000.0
GTA,2026-03-10,0.0,0.0,0.0,0.0,42920000.0,-42920000.0
GVR,2026-03-10,448300.0,238800.0,209500.0,15708425000.0,8503940000.0,7204485000.0
HAD,2026-03-10,0.0,0.0,0.0,1440000.0,0.0,1440000.0
HAG,2026-03-10,178900.0,346400.0,-167500.0,2587130000.0,5103375000.0,-2516245000.0
HAH,2026-03-10,243900.0,524880.0,-280980.0,13829020000.0,30546026000.0,-16717006000.0
HAP,2026-03-10,0.0,100.0,-100.0,0.0,710000.0,-710000.0
HAR,2026-03-10,4000.0,8100.0,-4100.0,12560000.0,26082000.0,-13522000.0
HAS,2026-03-10,0.0,0.0,0.0,4050000.0,16390000.0,-12340000.0
HAT,2026-03-10,0.0,0.0,0.0,0.0,3390000.0,-3390000.0
HAX,2026-03-10,3400.0,8400.0,-5000.0,34520000.0,85705000.0,-51185000.0
HBS,2026-03-10,0.0,0.0,0.0,0.0,900000.0,-900000.0
HCC,2026-03-10,0.0,0.0,0.0,0.0,13200000.0,-13200000.0
HCD,2026-03-10,0.0,500.0,-500.0,0.0,3950000.0,-3950000.0
HCM,2026-03-10,590800.0,2023800.0,-1433000.0,12943875000.0,44551770000.0,-31607895000.0
HCT,2026-03-10,0.0,0.0,0.0,0.0,0.0,0.0
HDA,2026-03-10,0.0,0.0,0.0,0.0,580000.0,-580000.0
HDB,2026-03-10,2751147.0,632100.0,2119047.0,68909490700.0,15856250000.0,53053240700.0
HDC,2026-03-10,150700.0,559900.0,-409200.0,2535025000.0,9583990000.0,-7048965000.0
HDG,2026-03-10,210900.0,456600.0,-245700.0,5467920000.0,11908795000.0,-6440875000.0
HEV,2026-03-10,0.0,0.0,0.0,1250000.0,0.0,1250000.0
HGM,2026-03-10,0.0,0.0,0.0,187200.0,0.0,187200.0
HHC,2026-03-10,0.0,0.0,0.0,0.0,0.0,0.0
HHP,2026-03-10,86300.0,64300.0,22000.0,1121815000.0,842230000.0,279585000.0
HHS,2026-03-10,94000.0,333600.0,-239600.0,933752000.0,3340253000.0,-2406501000.0
HHV,2026-03-10,300.0,351800.0,-351500.0,3315000.0,3921670000.0,-3918355000.0
HID,2026-03-10,46900.0,44700.0,2200.0,179558000.0,175545000.0,4013000.0
HII,2026-03-10,0.0,7300.0,-7300.0,0.0,35718000.0,-35718000.0
HJS,2026-03-10,0.0,0.0,0.0,0.0,60960000.0,-60960000.0
HKT,2026-03-10,0.0,0.0,0.0,0.0,990000.0,-990000.0
HLC,2026-03-10,0.0,200.0,-200.0,0.0,2560000.0,-2560000.0
HLD,2026-03-10,0.0,0.0,0.0,0.0,6640000.0,-6640000.0
HMC,2026-03-10,0.0,0.0,0.0,3300000.0,0.0,3300000.0
HMH,2026-03-10,0.0,0.0,0.0,0.0,1950000.0,-1950000.0
HMR,2026-03-10,0.0,0.0,0.0,0.0,0.0,0.0
HNA,2026-03-10,0.0,0.0,0.0,0.0,0.0,0.0
HOM,2026-03-10,900.0,3100.0,-2200.0,3780000.0,13020000.0,-9240000.0
HPA,2026-03-10,1000.0,400.0,600.0,39000000.0,16040000.0,22960000.0
HPG,2026-03-10,24674516.0,3867439.0,20807077.0,662376666800.0,103750976000.0,558625690800.0
HPX,2026-03-10,4000.0,306100.0,-302100.0,19360000.0,1470316000.0,-1450956000.0
HQC,2026-03-10,105800.0,808000.0,-702200.0,259210000.0,1965004000.0,-1705794000.0
HRC,2026-03-10,0.0,0.0,0.0,0.0,7240000.0,-7240000.0
HSG,2026-03-10,63540.0,188507.0,-124967.0,899903000.0,2675361500.0,-1775458500.0
HSL,2026-03-10,100.0,0.0,100.0,579000.0,0.0,579000.0
HT1,2026-03-10,58500.0,170100.0,-111600.0,903080000.0,2654305000.0,-1751225000.0
HTC,2026-03-10,0.0,0.0,0.0,0.0,0.0,0.0
HTG,2026-03-10,0.0,0.0,0.0,0.0,90200.0,-90200.0
HTI,2026-03-10,5.0,0.0,5.0,122000.0,0.0,122000.0
HTL,2026-03-10,0.0,0.0,0.0,11500000.0,0.0,11500000.0
HTN,2026-03-10,20000.0,0.0,20000.0,124000000.0,0.0,124000000.0
HTV,2026-03-10,0.0,0.0,0.0,0.0,29610000.0,-29610000.0
HU1,2026-03-10,0.0,0.0,0.0,1742000.0,0.0,1742000.0
HUB,2026-03-10,0.0,0.0,0.0,2700000.0,12600000.0,-9900000.0
HUT,2026-03-10,3570.0,17700.0,-14130.0,53268600.0,264120000.0,-210851400.0
HVH,2026-03-10,4100.0,7300.0,-3200.0,45960000.0,81555000.0,-35595000.0
HVN,2026-03-10,632400.0,49700.0,582700.0,14545420000.0,1148985000.0,13396435000.0
HVT,2026-03-10,0.0,0.0,0.0,0.0,86100000.0,-86100000.0
ICG,2026-03-10,0.0,100.0,-100.0,0.0,1790000.0,-1790000.0
ICT,2026-03-10,0.0,0.0,0.0,0.0,1800000.0,-1800000.0
IDC,2026-03-10,411212.0,308300.0,102912.0,16488388100.0,12461940000.0,4026448100.0
IDI,2026-03-10,15100.0,64200.0,-49100.0,101653000.0,431789000.0,-330136000.0
IDJ,2026-03-10,2800.0,0.0,2800.0,10640000.0,0.0,10640000.0
IDV,2026-03-10,0.0,0.0,0.0,30120000.0,5200000.0,24920000.0
IJC,2026-03-10,113000.0,60400.0,52600.0,1093318000.0,583322000.0,509996000.0
ILB,2026-03-10,0.0,0.0,0.0,25225000.0,21415000.0,3810000.0
IMP,2026-03-10,0.0,30000.0,-30000.0,0.0,1678200000.0,-1678200000.0
INC,2026-03-10,0.0,0.0,0.0,0.0,1290000.0,-1290000.0
INN,2026-03-10,0.0,0.0,0.0,12000000.0,0.0,12000000.0
IPA,2026-03-10,2000.0,0.0,2000.0,31000000.0,0.0,31000000.0
ITC,2026-03-10,0.0,0.0,0.0,0.0,783150.0,-783150.0
ITD,2026-03-10,0.0,0.0,0.0,1535000.0,0.0,1535000.0
ITQ,2026-03-10,0.0,0.0,0.0,0.0,0.0,0.0
IVS,2026-03-10,1000.0,3000.0,-2000.0,7300000.0,22100000.0,-14800000.0
JVC,2026-03-10,12000.0,0.0,12000.0,53883000.0,0.0,53883000.0
KBC,2026-03-10,71880.0,152300.0,-80420.0,2155025000.0,4591350000.0,-2436325000.0
KDC,2026-03-10,25700.0,12600.0,13100.0,1266395000.0,619540000.0,646855000.0
KDH,2026-03-10,2051480.0,956600.0,1094880.0,50100002300.0,23390370000.0,26709632300.0
KDM,2026-03-10,0.0,0.0,0.0,0.0,0.0,0.0
KHG,2026-03-10,1125900.0,1291800.0,-165900.0,5878347000.0,6786419000.0,-908072000.0
KHP,2026-03-10,0.0,0.0,0.0,0.0,1200000.0,-1200000.0
KHS,2026-03-10,0.0,0.0,0.0,0.0,1660000.0,-1660000.0
KKC,2026-03-10,0.0,0.0,0.0,2560000.0,1200000.0,1360000.0
KLB,2026-03-10,8500.0,100.0,8400.0,111775000.0,1305000.0,110470000.0
KMR,2026-03-10,0.0,0.0,0.0,564000.0,0.0,564000.0
KMT,2026-03-10,0.0,0.0,0.0,0.0,0.0,0.0
KOS,2026-03-10,2000.0,3400.0,-1400.0,71800000.0,122120000.0,-50320000.0
KSB,2026-03-10,8700.0,39900.0,-31200.0,138315000.0,634725000.0,-496410000.0
KSD,2026-03-10,0.0,0.0,0.0,0.0,960000.0,-960000.0
KSF,2026-03-10,900.0,0.0,900.0,64470000.0,0.0,64470000.0
KST,2026-03-10,0.0,0.0,0.0,0.0,4590000.0,-4590000.0
KSV,2026-03-10,0.0,0.0,0.0,0.0,0.0,0.0
KTS,2026-03-10,0.0,0.0,0.0,0.0,1794500.0,-1794500.0
L10,2026-03-10,0.0,0.0,0.0,26000000.0,0.0,26000000.0
L14,2026-03-10,0.0,0.0,0.0,117550000.0,0.0,117550000.0
L18,2026-03-10,0.0,0.0,0.0,0.0,0.0,0.0
L40,2026-03-10,0.0,0.0,0.0,0.0,70800000.0,-70800000.0
LAF,2026-03-10,0.0,0.0,0.0,61600000.0,0.0,61600000.0
LAS,2026-03-10,39400.0,200.0,39200.0,709010000.0,3600000.0,705410000.0
LBE,2026-03-10,0.0,0.0,0.0,15500000.0,0.0,15500000.0
LBM,2026-03-10,7100.0,1200.0,5900.0,219560000.0,37140000.0,182420000.0
LCD,2026-03-10,0.0,0.0,0.0,0.0,0.0,0.0
LCG,2026-03-10,0.0,127900.0,-127900.0,0.0,1186785000.0,-1186785000.0
LDG,2026-03-10,68900.0,297500.0,-228600.0,216505000.0,950082000.0,-733577000.0
LDP,2026-03-10,0.0,0.0,0.0,0.0,448000.0,-448000.0
LGC,2026-03-10,0.0,0.0,0.0,0.0,16500000.0,-16500000.0
LGL,2026-03-10,0.0,0.0,0.0,33013000.0,0.0,33013000.0
LHC,2026-03-10,400.0,0.0,400.0,38120000.0,0.0,38120000.0
LHG,2026-03-10,1400.0,200.0,1200.0,38495000.0,5555000.0,32940000.0
LIG,2026-03-10,0.0,0.0,0.0,0.0,0.0,0.0
LIX,2026-03-10,0.0,0.0,0.0,36450000.0,177225000.0,-140775000.0
LM8,2026-03-10,0.0,0.0,0.0,0.0,4940000.0,-4940000.0
LPB,2026-03-10,165700.0,210600.0,-44900.0,6754785000.0,8626250000.0,-1871465000.0
LSS,2026-03-10,0.0,0.0,0.0,0.0,91994930.0,-91994930.0
MAC,2026-03-10,500.0,400.0,100.0,5650000.0,4880000.0,770000.0
MAS,2026-03-10,0.0,0.0,0.0,0.0,33800000.0,-33800000.0
MBB,2026-03-10,5734000.0,5323600.0,410400.0,150450045000.0,139884445000.0,10565600000.0
MBG,2026-03-10,31100.0,0.0,31100.0,87080000.0,0.0,87080000.0
MBS,2026-03-10,126102.0,377400.0,-251298.0,3049890400.0,9458650000.0,-6408759600.0
MCC,2026-03-10,0.0,0.0,0.0,0.0,0.0,0.0
MCF,2026-03-10,0.0,0.0,0.0,0.0,1500000.0,-1500000.0
MCH,2026-03-10,30400.0,41500.0,-11100.0,4289820000.0,5784680000.0,-1494860000.0
MCM,2026-03-10,0.0,500.0,-500.0,0.0,12525000.0,-12525000.0
MCO,2026-03-10,0.0,0.0,0.0,0.0,9360000.0,-9360000.0
MCP,2026-03-10,0.0,0.0,0.0,0.0,2840000.0,-2840000.0
MDC,2026-03-10,0.0,0.0,0.0,19800000.0,0.0,19800000.0
MDG,2026-03-10,0.0,0.0,0.0,0.0,4230000.0,-4230000.0
MED,2026-03-10,0.0,0.0,0.0,0.0,0.0,0.0
MEL,2026-03-10,0.0,0.0,0.0,19860000.0,0.0,19860000.0
MHC,2026-03-10,2200.0,0.0,2200.0,21230000.0,0.0,21230000.0
MIC,2026-03-10,0.0,0.0,0.0,56500000.0,0.0,56500000.0
MIG,2026-03-10,10704.0,15900.0,-5196.0,181553000.0,268610000.0,-87057000.0
MKV,2026-03-10,0.0,0.0,0.0,9440000.0,0.0,9440000.0
MSB,2026-03-10,8900.0,151600.0,-142700.0,98415000.0,1675180000.0,-1576765000.0
MSH,2026-03-10,91000.0,12100.0,78900.0,3200280000.0,430840000.0,2769440000.0
MSN,2026-03-10,740060.0,872900.0,-132840.0,50677254200.0,60042210000.0,-9364955800.0
MST,2026-03-10,402200.0,275900.0,126300.0,2707880000.0,1818340000.0,889540000.0
MVB,2026-03-10,0.0,0.0,0.0,0.0,9020000.0,-9020000.0
MWG,2026-03-10,1967996.0,449558.0,1518438.0,155246102100.0,35639884000.0,119606218100.0
NAB,2026-03-10,67600.0,177920.0,-110320.0,870785000.0,2310051000.0,-1439266000.0
NAF,2026-03-10,50100.0,62010.0,-11910.0,2156175000.0,2675680900.0,-519505900.0
NAG,2026-03-10,0.0,2800.0,-2800.0,0.0,21000000.0,-21000000.0
NAP,2026-03-10,0.0,0.0,0.0,0.0,0.0,0.0
NAV,2026-03-10,0.0,0.0,0.0,1500000.0,0.0,1500000.0
NBB,2026-03-10,0.0,0.0,0.0,0.0,3270000.0,-3270000.0
NBC,2026-03-10,0.0,0.0,0.0,0.0,11000000.0,-11000000.0
NBP,2026-03-10,0.0,0.0,0.0,6400000.0,0.0,6400000.0
NBW,2026-03-10,0.0,0.0,0.0,0.0,3500000.0,-3500000.0
NCT,2026-03-10,1500.0,5500.0,-4000.0,137750000.0,508850000.0,-371100000.0
NDN,2026-03-10,4800.0,0.0,4800.0,47040000.0,0.0,47040000.0
NDX,2026-03-10,0.0,0.0,0.0,0.0,57050000.0,-57050000.0
NET,2026-03-10,0.0,0.0,0.0,6160000.0,13440000.0,-7280000.0
NFC,2026-03-10,0.0,0.0,0.0,0.0,13760000.0,-13760000.0
NHA,2026-03-10,17700.0,800.0,16900.0,210750000.0,9760000.0,200990000.0
NHC,2026-03-10,100.0,0.0,100.0,2650000.0,0.0,2650000.0
NHH,2026-03-10,8600.0,0.0,8600.0,86000000.0,0.0,86000000.0
NHT,2026-03-10,0.0,0.0,0.0,7280000.0,0.0,7280000.0
NKG,2026-03-10,237130.0,288600.0,-51470.0,3305879500.0,3980705000.0,-674825500.0
NLG,2026-03-10,858600.0,380000.0,478600.0,21721075000.0,9535540000.0,12185535000.0
NNC,2026-03-10,4000.0,1200.0,2800.0,199900000.0,60560000.0,139340000.0
NO1,2026-03-10,0.0,0.0,0.0,1100000.0,0.0,1100000.0
NRC,2026-03-10,65300.0,0.0,65300.0,371440000.0,0.0,371440000.0
NSC,2026-03-10,0.0,100.0,-100.0,0.0,7250000.0,-7250000.0
NSH,2026-03-10,0.0,36000.0,-36000.0,0.0,191500000.0,-191500000.0
NST,2026-03-10,0.0,0.0,0.0,0.0,12980000.0,-12980000.0
NT2,2026-03-10,209300.0,184800.0,24500.0,5375585000.0,4769460000.0,606125000.0
NTC,2026-03-10,0.0,0.0,0.0,0.0,0.0,0.0
NTH,2026-03-10,0.0,0.0,0.0,11600000.0,0.0,11600000.0
NTL,2026-03-10,56300.0,55200.0,1100.0,878710000.0,854920000.0,23790000.0
NTP,2026-03-10,3500.0,23700.0,-20200.0,202450000.0,1370780000.0,-1168330000.0
NVB,2026-03-10,0.0,300.0,-300.0,0.0,3220000.0,-3220000.0
NVL,2026-03-10,920810.0,1830115.0,-909305.0,9681967000.0,19333654250.0,-9651687250.0
NVT,2026-03-10,0.0,0.0,0.0,0.0,697000.0,-697000.0
OCB,2026-03-10,26300.0,36300.0,-10000.0,280895000.0,387020000.0,-106125000.0
OCH,2026-03-10,2500.0,0.0,2500.0,13750000.0,0.0,13750000.0
OGC,2026-03-10,10700.0,1200.0,9500.0,32100000.0,3656000.0,28444000.0
ONE,2026-03-10,0.0,0.0,0.0,0.0,204930000.0,-204930000.0
OPC,2026-03-10,0.0,0.0,0.0,0.0,28795000.0,-28795000.0
ORS,2026-03-10,126700.0,453800.0,-327100.0,1622450000.0,6009215000.0,-4386765000.0
PAC,2026-03-10,11530.0,46400.0,-34870.0,261361500.0,1063295000.0,-801933500.0
PAN,2026-03-10,28100.0,189600.0,-161500.0,875830000.0,5956745000.0,-5080915000.0
PBP,2026-03-10,0.0,0.0,0.0,10160000.0,0.0,10160000.0
PC1,2026-03-10,904600.0,842700.0,61900.0,23452405000.0,22170240000.0,1282165000.0
PCE,2026-03-10,0.0,0.0,0.0,17680000.0,0.0,17680000.0
PCH,2026-03-10,0.0,0.0,0.0,0.0,0.0,0.0
PCT,2026-03-10,0.0,0.0,0.0,0.0,0.0,0.0
PDB,2026-03-10,1100.0,0.0,1100.0,20000000.0,0.0,20000000.0
PDN,2026-03-10,0.0,0.0,0.0,0.0,3334100.0,-3334100.0
PDR,2026-03-10,482700.0,841100.0,-358400.0,6841982500.0,12076210000.0,-5234227500.0
PDV,2026-03-10,0.0,0.0,0.0,17600000.0,0.0,17600000.0
PEN,2026-03-10,0.0,0.0,0.0,0.0,980000.0,-980000.0
PET,2026-03-10,0.0,0.0,0.0,0.0,830000.0,-830000.0
PGC,2026-03-10,9500.0,1900.0,7600.0,134900000.0,26980000.0,107920000.0
PGD,2026-03-10,0.0,100.0,-100.0,0.0,2425000.0,-2425000.0
PGI,2026-03-10,0.0,0.0,0.0,3920000.0,13720000.0,-9800000.0
PGN,2026-03-10,0.0,0.0,0.0,0.0,640000.0,-640000.0
PGS,2026-03-10,0.0,0.0,0.0,0.0,388800.0,-388800.0
PGT,2026-03-10,0.0,1500.0,-1500.0,0.0,9150000.0,-9150000.0
PGV,2026-03-10,2600.0,200.0,2400.0,63350000.0,4955000.0,58395000.0
PHC,2026-03-10,0.0,0.0,0.0,0.0,2892000.0,-2892000.0
PHN,2026-03-10,0.0,0.0,0.0,0.0,21049600.0,-21049600.0
PHR,2026-03-10,27200.0,53303.0,-26103.0,1568010000.0,3100745200.0,-1532735200.0
PIA,2026-03-10,0.0,0.0,0.0,0.0,0.0,0.0
PIC,2026-03-10,0.0,0.0,0.0,0.0,0.0,0.0
PIT,2026-03-10,0.0,0.0,0.0,0.0,12140.0,-12140.0
PJC,2026-03-10,0.0,0.0,0.0,0.0,3180000.0,-3180000.0
PJT,2026-03-10,0.0,0.0,0.0,0.0,9300.0,-9300.0
PLC,2026-03-10,61500.0,38300.0,23200.0,1585250000.0,1037160000.0,548090000.0
PLP,2026-03-10,4700.0,0.0,4700.0,23967000.0,0.0,23967000.0
PLX,2026-03-10,431210.0,290500.0,140710.0,24259930000.0,16451480000.0,7808450000.0
PMB,2026-03-10,0.0,0.0,0.0,0.0,4950000.0,-4950000.0
PMC,2026-03-10,0.0,0.0,0.0,0.0,28700000.0,-28700000.0
PMG,2026-03-10,0.0,0.0,0.0,0.0,820000.0,-820000.0
PMP,2026-03-10,0.0,0.0,0.0,0.0,3830000.0,-3830000.0
PMS,2026-03-10,0.0,0.0,0.0,0.0,115218000.0,-115218000.0
PNC,2026-03-10,0.0,0.0,0.0,0.0,10380000.0,-10380000.0
PNJ,2026-03-10,191200.0,12900.0,178300.0,21150250000.0,1460990000.0,19689260000.0
POT,2026-03-10,0.0,0.0,0.0,0.0,3980000.0,-3980000.0
POW,2026-03-10,1146399.0,1708000.0,-561601.0,14950276800.0,22838265000.0,-7887988200.0
PPC,2026-03-10,54900.0,19200.0,35700.0,541237000.0,189157000.0,352080000.0
PPE,2026-03-10,0.0,0.0,0.0,0.0,5700000.0,-5700000.0
PPP,2026-03-10,0.0,0.0,0.0,5580000.0,0.0,5580000.0
PPS,2026-03-10,0.0,0.0,0.0,0.0,20140000.0,-20140000.0
PPT,2026-03-10,0.0,0.0,0.0,0.0,0.0,0.0
PPY,2026-03-10,0.0,0.0,0.0,0.0,0.0,0.0
PRC,2026-03-10,0.0,0.0,0.0,0.0,620000.0,-620000.0
PRE,2026-03-10,0.0,0.0,0.0,0.0,14770000.0,-14770000.0
PSC,2026-03-10,0.0,0.0,0.0,0.0,6300000.0,-6300000.0
PSD,2026-03-10,0.0,0.0,0.0,0.0,1380000.0,-1380000.0
PSE,2026-03-10,0.0,0.0,0.0,3270000.0,0.0,3270000.0
PSI,2026-03-10,13300.0,0.0,13300.0,94430000.0,0.0,94430000.0
PSW,2026-03-10,0.0,100.0,-100.0,0.0,850000.0,-850000.0
PTB,2026-03-10,11800.0,5100.0,6700.0,585720000.0,253140000.0,332580000.0
PTC,2026-03-10,0.0,0.0,0.0,1522000.0,0.0,1522000.0
PTD,2026-03-10,0.0,0.0,0.0,0.0,15600000.0,-15600000.0
PTI,2026-03-10,0.0,0.0,0.0,0.0,78300000.0,-78300000.0
PTL,2026-03-10,0.0,0.0,0.0,0.0,1850000.0,-1850000.0
PTS,2026-03-10,0.0,0.0,0.0,0.0,17460000.0,-17460000.0
PTX,2026-03-10,0.0,0.0,0.0,0.0,0.0,0.0
PV2,2026-03-10,0.0,0.0,0.0,220000.0,0.0,220000.0
PVB,2026-03-10,14600.0,28900.0,-14300.0,467370000.0,908090000.0,-440720000.0
PVC,2026-03-10,0.0,0.0,0.0,0.0,850000.0,-850000.0
PVD,2026-03-10,1097400.0,144900.0,952500.0,43449590000.0,5773195000.0,37676395000.0
PVG,2026-03-10,100.0,0.0,100.0,720000.0,0.0,720000.0
PVI,2026-03-10,1900.0,100.0,1800.0,147840000.0,7660000.0,140180000.0
PVP,2026-03-10,19800.0,4400.0,15400.0,327825000.0,73700000.0,254125000.0
PVS,2026-03-10,593510.0,638000.0,-44490.0,26785719000.0,28792280000.0,-2006561000.0
PVT,2026-03-10,1548036.0,194072.0,1353964.0,42439415400.0,5486448600.0,36952966800.0
QCG,2026-03-10,0.0,60200.0,-60200.0,0.0,772305000.0,-772305000.0
QHD,2026-03-10,0.0,0.0,0.0,0.0,55000000.0,-55000000.0
QNP,2026-03-10,0.0,0.0,0.0,0.0,0.0,0.0
QST,2026-03-10,0.0,0.0,0.0,0.0,0.0,0.0
QTC,2026-03-10,0.0,0.0,0.0,0.0,71060000.0,-71060000.0
RAL,2026-03-10,0.0,200.0,-200.0,0.0,17480000.0,-17480000.0
RCL,2026-03-10,0.0,0.0,0.0,6270000.0,0.0,6270000.0
REE,2026-03-10,108.0,253.0,-145.0,6424400.0,14900500.0,-8476100.0
RYG,2026-03-10,0.0,4700.0,-4700.0,0.0,50650000.0,-50650000.0
S4A,2026-03-10,0.0,0.0,0.0,0.0,0.0,0.0
S55,2026-03-10,0.0,0.0,0.0,53610000.0,0.0,53610000.0
S99,2026-03-10,0.0,0.0,0.0,0.0,536800.0,-536800.0
SAB,2026-03-10,270140.0,30500.0,239640.0,11831783600.0,1334105000.0,10497678600.0
SAF,2026-03-10,0.0,0.0,0.0,0.0,889100.0,-889100.0
SAM,2026-03-10,21600.0,0.0,21600.0,132822000.0,0.0,132822000.0
SAV,2026-03-10,0.0,0.0,0.0,3740000.0,0.0,3740000.0
SBA,2026-03-10,0.0,0.0,0.0,0.0,14400000.0,-14400000.0
SBG,2026-03-10,0.0,3400.0,-3400.0,0.0,40390000.0,-40390000.0
SBT,2026-03-10,25900.0,18700.0,7200.0,582750000.0,420055000.0,162695000.0
SBV,2026-03-10,0.0,0.0,0.0,0.0,2207000.0,-2207000.0
SC5,2026-03-10,0.0,0.0,0.0,0.0,105350.0,-105350.0
SCG,2026-03-10,0.0,0.0,0.0,78240000.0,0.0,78240000.0
SCI,2026-03-10,0.0,0.0,0.0,0.0,10038600.0,-10038600.0
SCR,2026-03-10,480700.0,459700.0,21000.0,2652171000.0,2516918000.0,135253000.0
SCS,2026-03-10,10300.0,36700.0,-26400.0,538060000.0,1934970000.0,-1396910000.0
SD5,2026-03-10,0.0,9000.0,-9000.0,0.0,63000000.0,-63000000.0
SD9,2026-03-10,0.0,0.0,0.0,9180000.0,60550000.0,-51370000.0
SDA,2026-03-10,0.0,0.0,0.0,0.0,0.0,0.0
SDC,2026-03-10,0.0,0.0,0.0,0.0,71000.0,-71000.0
SDG,2026-03-10,0.0,0.0,0.0,2200000.0,0.0,2200000.0
SDN,2026-03-10,0.0,0.0,0.0,2200000.0,0.0,2200000.0
SDU,2026-03-10,0.0,0.0,0.0,0.0,1710000.0,-1710000.0
SEB,2026-03-10,0.0,0.0,0.0,0.0,170510000.0,-170510000.0
SED,2026-03-10,0.0,0.0,0.0,0.0,15680000.0,-15680000.0
SFC,2026-03-10,0.0,0.0,0.0,0.0,80032000.0,-80032000.0
SFG,2026-03-10,0.0,0.0,0.0,0.0,254100000.0,-254100000.0
SFI,2026-03-10,0.0,200.0,-200.0,0.0,5920000.0,-5920000.0
SFN,2026-03-10,0.0,0.0,0.0,0.0,2160000.0,-2160000.0
SGC,2026-03-10,0.0,0.0,0.0,0.0,63020000.0,-63020000.0
SGD,2026-03-10,0.0,0.0,0.0,0.0,9600000.0,-9600000.0
SGH,2026-03-10,0.0,0.0,0.0,0.0,21780000.0,-21780000.0
SGN,2026-03-10,0.0,0.0,0.0,1631710000.0,0.0,1631710000.0
SGR,2026-03-10,0.0,0.0,0.0,20225000.0,0.0,20225000.0
SGT,2026-03-10,0.0,0.0,0.0,0.0,3160000.0,-3160000.0
SHA,2026-03-10,0.0,0.0,0.0,0.0,131950.0,-131950.0
SHB,2026-03-10,315330.0,1358268.0,-1042938.0,4555230000.0,19601422600.0,-15046192600.0
SHE,2026-03-10,0.0,0.0,0.0,3960000.0,0.0,3960000.0
SHI,2026-03-10,0.0,8200.0,-8200.0,0.0,111705000.0,-111705000.0
SHN,2026-03-10,0.0,0.0,0.0,0.0,1750000.0,-1750000.0
SHP,2026-03-10,0.0,0.0,0.0,0.0,0.0,0.0
SHS,2026-03-10,111000.0,2044100.0,-1933100.0,1889360000.0,34972780000.0,-33083420000.0
SIP,2026-03-10,8600.0,11100.0,-2500.0,480660000.0,623200000.0,-142540000.0
SJ1,2026-03-10,0.0,0.0,0.0,0.0,0.0,0.0
SJD,2026-03-10,8400.0,0.0,8400.0,116760000.0,0.0,116760000.0
SJE,2026-03-10,0.0,0.0,0.0,0.0,10211400.0,-10211400.0
SJS,2026-03-10,400.0,900.0,-500.0,19400000.0,43650000.0,-24250000.0
SKG,2026-03-10,0.0,0.0,0.0,92800000.0,13048400.0,79751600.0
SLS,2026-03-10,0.0,400.0,-400.0,0.0,62600000.0,-62600000.0
SMA,2026-03-10,0.0,0.0,0.0,14400000.0,25600000.0,-11200000.0
SMB,2026-03-10,600.0,0.0,600.0,22560000.0,0.0,22560000.0
SMC,2026-03-10,4600.0,5300.0,-700.0,48990000.0,58260000.0,-9270000.0
SMN,2026-03-10,0.0,0.0,0.0,0.0,44440000.0,-44440000.0
SMT,2026-03-10,0.0,0.0,0.0,0.0,0.0,0.0
SPC,2026-03-10,0.0,0.0,0.0,0.0,0.0,0.0
SPM,2026-03-10,0.0,0.0,0.0,0.0,21560000.0,-21560000.0
SRA,2026-03-10,0.0,0.0,0.0,0.0,1100000.0,-1100000.0
SRC,2026-03-10,0.0,0.0,0.0,0.0,4855000.0,-4855000.0
SRF,2026-03-10,0.0,0.0,0.0,0.0,14400000.0,-14400000.0
SSB,2026-03-10,100400.0,110900.0,-10500.0,1641050000.0,1818420000.0,-177370000.0
SSC,2026-03-10,0.0,0.0,0.0,0.0,6400000.0,-6400000.0
SSI,2026-03-10,1011134.0,691302.0,319832.0,29992906100.0,20586294400.0,9406611700.0
SSM,2026-03-10,0.0,0.0,0.0,0.0,260000.0,-260000.0
ST8,2026-03-10,0.0,0.0,0.0,0.0,23340000.0,-23340000.0
STB,2026-03-10,1659100.0,4744700.0,-3085600.0,104686180000.0,303789220000.0,-199103040000.0
STC,2026-03-10,0.0,0.0,0.0,0.0,17000000.0,-17000000.0
STG,2026-03-10,0.0,0.0,0.0,0.0,11850000.0,-11850000.0
STK,2026-03-10,40000.0,0.0,40000.0,594000000.0,0.0,594000000.0
STP,2026-03-10,0.0,0.0,0.0,0.0,29970000.0,-29970000.0
SVC,2026-03-10,0.0,0.0,0.0,9225000.0,0.0,9225000.0
SVD,2026-03-10,0.0,0.0,0.0,0.0,1713000.0,-1713000.0
SVN,2026-03-10,0.0,0.0,0.0,0.0,1080000.0,-1080000.0
SVT,2026-03-10,0.0,0.0,0.0,0.0,2260000.0,-2260000.0
SZB,2026-03-10,0.0,0.0,0.0,0.0,0.0,0.0
SZC,2026-03-10,13400.0,61500.0,-48100.0,378725000.0,1756415000.0,-1377690000.0
SZL,2026-03-10,0.0,0.0,0.0,0.0,452115000.0,-452115000.0
TA9,2026-03-10,0.0,0.0,0.0,0.0,0.0,0.0
TAL,2026-03-10,47300.0,14000.0,33300.0,1910275000.0,574220000.0,1336055000.0
TBC,2026-03-10,0.0,100.0,-100.0,0.0,3650000.0,-3650000.0
TCB,2026-03-10,1650127.0,1500.0,1648627.0,50823902150.0,45425000.0,50778477150.0
TCD,2026-03-10,0.0,0.0,0.0,43400000.0,4094000.0,39306000.0
TCH,2026-03-10,2849400.0,374500.0,2474900.0,37689445000.0,4953375000.0,32736070000.0
TCI,2026-03-10,2800.0,0.0,2800.0,22876000.0,0.0,22876000.0
TCL,2026-03-10,0.0,2000.0,-2000.0,0.0,68600000.0,-68600000.0
TCM,2026-03-10,25900.0,1900.0,24000.0,606060000.0,45510000.0,560550000.0
TCO,2026-03-10,0.0,0.0,0.0,0.0,824000.0,-824000.0
TCR,2026-03-10,0.0,0.0,0.0,0.0,538000.0,-538000.0
TCT,2026-03-10,0.0,0.0,0.0,0.0,1920000.0,-1920000.0
TCX,2026-03-10,221000.0,375101.0,-154101.0,11488850000.0,19649614000.0,-8160764000.0
TD6,2026-03-10,0.0,0.0,0.0,0.0,0.0,0.0
TDC,2026-03-10,8300.0,900.0,7400.0,87665000.0,9740000.0,77925000.0
TDG,2026-03-10,0.0,0.0,0.0,0.0,8220.0,-8220.0
TDH,2026-03-10,4800.0,0.0,4800.0,16320000.0,0.0,16320000.0
TDM,2026-03-10,0.0,0.0,0.0,111900000.0,46320000.0,65580000.0
TDP,2026-03-10,15300.0,3000.0,12300.0,460445000.0,91600000.0,368845000.0
TDT,2026-03-10,0.0,0.0,0.0,0.0,30550000.0,-30550000.0
TDW,2026-03-10,8200.0,0.0,8200.0,355570000.0,0.0,355570000.0
TEG,2026-03-10,0.0,0.0,0.0,3954000.0,0.0,3954000.0
TET,2026-03-10,0.0,0.0,0.0,0.0,0.0,0.0
TFC,2026-03-10,0.0,0.0,0.0,7800000.0,70920000.0,-63120000.0
THB,2026-03-10,0.0,0.0,0.0,0.0,32200000.0,-32200000.0
THD,2026-03-10,0.0,0.0,0.0,2950000.0,2980000.0,-30000.0
THG,2026-03-10,0.0,2900.0,-2900.0,0.0,127600000.0,-127600000.0
THS,2026-03-10,0.0,0.0,0.0,0.0,0.0,0.0
THT,2026-03-10,500.0,0.0,500.0,4700000.0,0.0,4700000.0
TIG,2026-03-10,1000.0,13300.0,-12300.0,6800000.0,91690000.0,-84890000.0
TIP,2026-03-10,0.0,600.0,-600.0,0.0,10740000.0,-10740000.0
TIX,2026-03-10,0.0,0.0,0.0,0.0,21500000.0,-21500000.0
TJC,2026-03-10,0.0,0.0,0.0,0.0,15000000.0,-15000000.0
TKU,2026-03-10,0.0,0.0,0.0,0.0,12330000.0,-12330000.0
TLD,2026-03-10,0.0,0.0,0.0,56279000.0,95794000.0,-39515000.0
TLG,2026-03-10,10000.0,5400.0,4600.0,519490000.0,280580000.0,238910000.0
TLH,2026-03-10,0.0,13400.0,-13400.0,0.0,58960000.0,-58960000.0
TMB,2026-03-10,0.0,0.0,0.0,0.0,0.0,0.0
TMC,2026-03-10,0.0,0.0,0.0,0.0,0.0,0.0
TMP,2026-03-10,0.0,0.0,0.0,16530000.0,0.0,16530000.0
TMS,2026-03-10,100.0,0.0,100.0,4100000.0,0.0,4100000.0
TMT,2026-03-10,0.0,0.0,0.0,5660000.0,0.0,5660000.0
TMX,2026-03-10,0.0,0.0,0.0,0.0,9850000.0,-9850000.0
TN1,2026-03-10,0.0,0.0,0.0,0.0,4890000.0,-4890000.0
TNC,2026-03-10,0.0,0.0,0.0,0.0,8870000.0,-8870000.0
TNG,2026-03-10,168604.0,135700.0,32904.0,3740710400.0,3055960000.0,684750400.0
TNH,2026-03-10,200.0,0.0,200.0,2140000.0,0.0,2140000.0
TNI,2026-03-10,0.0,0.0,0.0,0.0,1010000.0,-1010000.0
TNT,2026-03-10,0.0,900.0,-900.0,0.0,8316000.0,-8316000.0
TOT,2026-03-10,0.0,0.0,0.0,12120000.0,0.0,12120000.0
TPB,2026-03-10,151403.0,2834690.0,-2683287.0,2389923300.0,45689444500.0,-43299521200.0
TPC,2026-03-10,0.0,0.0,0.0,1370000.0,0.0,1370000.0
TPP,2026-03-10,200.0,0.0,200.0,2100000.0,0.0,2100000.0
TRA,2026-03-10,0.0,0.0,0.0,6880000.0,27610000.0,-20730000.0
TRC,2026-03-10,1600.0,13500.0,-11900.0,115920000.0,984690000.0,-868770000.0
TSA,2026-03-10,0.0,3900.0,-3900.0,0.0,59160000.0,-59160000.0
TSB,2026-03-10,0.0,0.0,0.0,2380000.0,0.0,2380000.0
TSC,2026-03-10,0.0,0.0,0.0,0.0,188760.0,-188760.0
TTA,2026-03-10,0.0,0.0,0.0,0.0,99910000.0,-99910000.0
TTC,2026-03-10,0.0,0.0,0.0,1050000.0,0.0,1050000.0
TTE,2026-03-10,0.0,0.0,0.0,0.0,0.0,0.0
TTF,2026-03-10,0.0,44449.0,-44449.0,0.0,117116830.0,-117116830.0
TTH,2026-03-10,0.0,0.0,0.0,240000.0,0.0,240000.0
TTL,2026-03-10,0.0,0.0,0.0,3750000.0,0.0,3750000.0
TTT,2026-03-10,0.0,0.0,0.0,0.0,476000000.0,-476000000.0
TV2,2026-03-10,48100.0,19400.0,28700.0,1665595000.0,683970000.0,981625000.0
TV3,2026-03-10,0.0,0.0,0.0,0.0,1650000.0,-1650000.0
TV4,2026-03-10,0.0,0.0,0.0,0.0,1305000.0,-1305000.0
TVB,2026-03-10,300.0,500.0,-200.0,2115000.0,3664000.0,-1549000.0
TVC,2026-03-10,0.0,0.0,0.0,0.0,35240000.0,-35240000.0
TVD,2026-03-10,0.0,0.0,0.0,0.0,2380000.0,-2380000.0
TVS,2026-03-10,25000.0,98096.0,-73096.0,332500000.0,1310062800.0,-977562800.0
TVT,2026-03-10,0.0,0.0,0.0,0.0,0.0,0.0
TXM,2026-03-10,0.0,0.0,0.0,5000000.0,0.0,5000000.0
TYA,2026-03-10,0.0,200.0,-200.0,0.0,3490000.0,-3490000.0
UIC,2026-03-10,0.0,0.0,0.0,0.0,983882000.0,-983882000.0
UNI,2026-03-10,0.0,0.0,0.0,0.0,0.0,0.0
V12,2026-03-10,0.0,0.0,0.0,0.0,5600000.0,-5600000.0
V21,2026-03-10,0.0,0.0,0.0,0.0,0.0,0.0
VAB,2026-03-10,12300.0,0.0,12300.0,122385000.0,0.0,122385000.0
VAF,2026-03-10,0.0,0.0,0.0,2050000.0,0.0,2050000.0
VBC,2026-03-10,0.0,0.0,0.0,0.0,8400000.0,-8400000.0
VC1,2026-03-10,0.0,0.0,0.0,0.0,0.0,0.0
VC2,2026-03-10,16400.0,0.0,16400.0,75440000.0,0.0,75440000.0
VC3,2026-03-10,64100.0,22000.0,42100.0,1608780000.0,552080000.0,1056700000.0
VC6,2026-03-10,0.0,0.0,0.0,10300000.0,0.0,10300000.0
VC7,2026-03-10,18000.0,1400.0,16600.0,131400000.0,10080000.0,121320000.0
VC9,2026-03-10,0.0,0.0,0.0,7600000.0,0.0,7600000.0
VCA,2026-03-10,0.0,0.0,0.0,0.0,4100000.0,-4100000.0
VCB,2026-03-10,542715.0,301797.0,240918.0,32457653500.0,18077106400.0,14380547100.0
VCC,2026-03-10,0.0,0.0,0.0,0.0,0.0,0.0
VCF,2026-03-10,0.0,0.0,0.0,151720000.0,1375223500.0,-1223503500.0
VCG,2026-03-10,1215400.0,1197100.0,18300.0,23849635000.0,23270365000.0,579270000.0
VCI,2026-03-10,224830.0,2779000.0,-2554170.0,8059472400.0,99284150000.0,-91224677600.0
VCK,2026-03-10,143900.0,450600.0,-306700.0,4244230000.0,13414640000.0,-9170410000.0
VCM,2026-03-10,0.0,0.0,0.0,0.0,0.0,0.0
VCS,2026-03-10,8300.0,700.0,7600.0,335710000.0,27460000.0,308250000.0
VDL,2026-03-10,0.0,0.0,0.0,980000.0,0.0,980000.0
VDP,2026-03-10,0.0,0.0,0.0,0.0,9980000.0,-9980000.0
VDS,2026-03-10,50400.0,319000.0,-268600.0,767090000.0,5047830000.0,-4280740000.0
VE1,2026-03-10,0.0,0.0,0.0,360000.0,0.0,360000.0
VE3,2026-03-10,0.0,0.0,0.0,0.0,0.0,0.0
VE4,2026-03-10,0.0,0.0,0.0,0.0,0.0,0.0
VFG,2026-03-10,0.0,0.0,0.0,0.0,5330000.0,-5330000.0
VFS,2026-03-10,146800.0,319900.0,-173100.0,2069940000.0,4561860000.0,-2491920000.0
VGC,2026-03-10,28000.0,104800.0,-76800.0,1208340000.0,4543300000.0,-3334960000.0
VGP,2026-03-10,0.0,0.0,0.0,0.0,28000.0,-28000.0
VGS,2026-03-10,32600.0,21800.0,10800.0,796850000.0,513650000.0,283200000.0
VHC,2026-03-10,108000.0,177800.0,-69800.0,6044230000.0,9984410000.0,-3940180000.0
VHE,2026-03-10,0.0,0.0,0.0,0.0,0.0,0.0
VHL,2026-03-10,0.0,0.0,0.0,1030000.0,0.0,1030000.0
VHM,2026-03-10,398691.0,232530.0,166161.0,36493341300.0,21299175000.0,15194166300.0
VIB,2026-03-10,239100.0,623300.0,-384200.0,3864805000.0,10097325000.0,-6232520000.0
VIC,2026-03-10,222210.0,474146.0,-251936.0,33631755100.0,71710686200.0,-38078931100.0
VID,2026-03-10,0.0,0.0,0.0,0.0,2500000.0,-2500000.0
VIF,2026-03-10,0.0,0.0,0.0,0.0,0.0,0.0
VIG,2026-03-10,0.0,0.0,0.0,0.0,2650000.0,-2650000.0
VIP,2026-03-10,14200.0,1500.0,12700.0,171770000.0,17925000.0,153845000.0
VIT,2026-03-10,0.0,0.0,0.0,0.0,2190000.0,-2190000.0
VIX,2026-03-10,306660.0,4792500.0,-4485840.0,5011985500.0,79572645000.0,-74560659500.0
VJC,2026-03-10,40290.0,73002.0,-32712.0,6208946000.0,11170987000.0,-4962041000.0
VLA,2026-03-10,0.0,0.0,0.0,0.0,26700.0,-26700.0
VMC,2026-03-10,0.0,0.0,0.0,0.0,1458800.0,-1458800.0
VMD,2026-03-10,0.0,0.0,0.0,0.0,15000000.0,-15000000.0
VMS,2026-03-10,0.0,0.0,0.0,0.0,20440000.0,-20440000.0
VNC,2026-03-10,0.0,0.0,0.0,0.0,28000000.0,-28000000.0
VND,2026-03-10,925650.0,2759100.0,-1833450.0,15493690100.0,46739910000.0,-31246219900.0
VNE,2026-03-10,13200.0,0.0,13200.0,59588000.0,0.0,59588000.0
VNF,2026-03-10,0.0,0.0,0.0,10020000.0,0.0,10020000.0
VNG,2026-03-10,0.0,0.0,0.0,1360000.0,0.0,1360000.0
VNL,2026-03-10,0.0,0.0,0.0,0.0,12125000.0,-12125000.0
VNM,2026-03-10,2638400.0,1023302.0,1615098.0,158949444500.0,61883922200.0,97065522300.0
VNR,2026-03-10,1500.0,0.0,1500.0,30750000.0,0.0,30750000.0
VNS,2026-03-10,0.0,0.0,0.0,42264000.0,0.0,42264000.0
VNT,2026-03-10,0.0,0.0,0.0,0.0,380115200.0,-380115200.0
VOS,2026-03-10,717500.0,605400.0,112100.0,10216345000.0,8780995000.0,1435350000.0
VPB,2026-03-10,1819028.0,6091200.0,-4272172.0,46231762300.0,154443635000.0,-108211872700.0
VPD,2026-03-10,0.0,0.0,0.0,2580000.0,0.0,2580000.0
VPG,2026-03-10,8300.0,0.0,8300.0,37917000.0,0.0,37917000.0
VPH,2026-03-10,2400.0,300.0,2100.0,8904000.0,1161000.0,7743000.0
VPI,2026-03-10,334900.0,21300.0,313600.0,18642500000.0,1192680000.0,17449820000.0
VPL,2026-03-10,98300.0,53700.0,44600.0,7158100000.0,3904900000.0,3253200000.0
VPS,2026-03-10,0.0,0.0,0.0,0.0,8100000.0,-8100000.0
VPX,2026-03-10,116000.0,302600.0,-186600.0,3308690000.0,8725900000.0,-5417210000.0
VRC,2026-03-10,0.0,0.0,0.0,0.0,5280000.0,-5280000.0
VRE,2026-03-10,1202430.0,2190931.0,-988501.0,29317659500.0,53628674850.0,-24311015350.0
VSA,2026-03-10,0.0,0.0,0.0,0.0,11500000.0,-11500000.0
VSC,2026-03-10,27000.0,232400.0,-205400.0,605760000.0,5310130000.0,-4704370000.0
VSH,2026-03-10,500.0,10000.0,-9500.0,21775000.0,425500000.0,-403725000.0
VSI,2026-03-10,0.0,0.0,0.0,5190000.0,0.0,5190000.0
VSM,2026-03-10,0.0,0.0,0.0,1490000.0,0.0,1490000.0
VTB,2026-03-10,0.0,100.0,-100.0,0.0,1365000.0,-1365000.0
VTC,2026-03-10,0.0,0.0,0.0,0.0,1210000.0,-1210000.0
VTH,2026-03-10,0.0,0.0,0.0,0.0,0.0,0.0
VTJ,2026-03-10,0.0,0.0,0.0,2000000.0,0.0,2000000.0
VTO,2026-03-10,11700.0,5800.0,5900.0,140095000.0,69400000.0,70695000.0
VTP,2026-03-10,37610.0,127600.0,-89990.0,3360710000.0,11605540000.0,-8244830000.0
VTV,2026-03-10,0.0,300.0,-300.0,0.0,4350000.0,-4350000.0
VTZ,2026-03-10,27200.0,29200.0,-2000.0,552160000.0,592470000.0,-40310000.0
VVS,2026-03-10,1300.0,60300.0,-59000.0,171410000.0,7862580000.0,-7691170000.0
WCS,2026-03-10,0.0,0.0,0.0,0.0,2208800.0,-2208800.0
WSS,2026-03-10,0.0,100.0,-100.0,0.0,600000.0,-600000.0
X20,2026-03-10,0.0,0.0,0.0,0.0,1280000.0,-1280000.0
YBM,2026-03-10,0.0,0.0,0.0,0.0,3510000.0,-3510000.0
YEG,2026-03-10,89430.0,0.0,89430.0,961318000.0,0.0,961318000.0
